booking_date,departure_date,origin,destination,airline,price,stops
2023-09-03,2024-01-05,LHR,CDG,Ryanair,133.89,0
2023-08-03,2024-01-14,BOM,DEL,Indigo,159.62,0
2023-11-19,2024-01-10,LHR,CDG,Ryanair,264.91,0
2023-09-11,2024-02-03,BOM,DEL,Indigo,116.21,0
2023-10-26,2024-01-06,LHR,CDG,Ryanair,223.21,0
2023-09-21,2024-01-31,JFK,LAX,Delta,528.98,0
2023-11-08,2024-01-15,LHR,CDG,Ryanair,162.72,0
2023-12-12,2024-01-05,JFK,LAX,United,775.14,0
2023-09-09,2024-01-15,BOM,DEL,Indigo,120.51,0
2023-08-21,2024-02-01,SYD,MEL,Qantas,186.71,0
2023-12-12,2024-01-02,JFK,LAX,Delta,601.7,0
2023-09-05,2024-01-14,JFK,LAX,United,588.66,1
2023-11-16,2024-01-16,SYD,MEL,Qantas,241.17,0
2023-12-11,2024-01-01,JFK,LAX,United,801.22,0
2023-11-15,2024-01-23,LHR,CDG,Ryanair,144.7,0
2024-01-11,2024-01-28,BOM,DEL,Indigo,332.68,0
2023-10-01,2024-01-04,SYD,MEL,Qantas,209.68,1
2023-08-10,2024-01-08,JFK,LAX,United,492.25,0
2023-10-07,2024-01-19,JFK,LAX,Delta,622.77,0
2023-10-12,2024-01-19,LHR,CDG,Ryanair,211.54,0
2023-08-26,2024-01-03,BOM,DEL,Indigo,171.49,0
2024-01-09,2024-01-12,BOM,DEL,Indigo,531.42,0
2023-09-19,2024-01-16,JFK,LAX,Delta,423.78,0
2023-11-18,2024-01-20,LHR,CDG,Ryanair,216.92,1
2023-12-22,2024-01-26,BOM,DEL,Indigo,319.33,0
2023-10-28,2024-01-26,SYD,MEL,Qantas,236.69,0
2023-09-19,2024-01-25,LHR,CDG,Ryanair,204.72,0
2023-11-05,2024-01-02,JFK,LAX,United,491.85,0
2023-11-01,2024-01-31,LHR,CDG,Ryanair,145.06,0
2023-10-17,2024-01-06,JFK,LAX,Delta,600.25,0
2023-09-27,2024-01-31,SYD,MEL,Qantas,235.98,0
2023-09-17,2024-01-22,BOM,DEL,Indigo,125.36,0
2023-08-25,2024-02-01,BOM,DEL,Indigo,52.67,0
2023-10-29,2024-01-23,SYD,MEL,Qantas,255.44,0
2023-08-15,2024-01-25,BOM,DEL,Indigo,138.18,0
2023-10-18,2024-01-01,LHR,CDG,Ryanair,152.24,0
2023-11-22,2024-01-13,JFK,LAX,Delta,637.36,0
2023-07-27,2024-01-06,JFK,LAX,United,504.62,1
2023-11-03,2024-01-12,LHR,CDG,Ryanair,1201.7,0
2023-11-01,2024-02-01,JFK,LAX,Delta,407.16,1
2023-09-20,2024-01-01,JFK,LAX,Delta,591.78,0
2023-09-11,2024-02-02,LHR,CDG,Ryanair,142.53,1
2024-01-21,2024-01-30,JFK,LAX,Delta,716.63,0
2024-01-06,2024-01-07,JFK,LAX,United,1141.8,0
2023-11-04,2024-01-02,LHR,CDG,Ryanair,232.04,0
2023-12-26,2024-01-08,LHR,CDG,Ryanair,331.16,0
2024-01-21,2024-01-22,SYD,MEL,Qantas,518.75,0
2023-08-27,2024-01-08,SYD,MEL,Qantas,234.46,0
2024-01-14,2024-01-24,LHR,CDG,Ryanair,234.81,1
2023-10-01,2024-01-13,JFK,LAX,United,648.52,0
2024-01-15,2024-01-21,LHR,CDG,Ryanair,390.92,0
2023-09-07,2024-01-30,JFK,LAX,United,423.55,0
2023-08-11,2024-01-16,JFK,LAX,United,453.74,1
2023-11-12,2024-01-10,JFK,LAX,Delta,552.13,0
2023-10-16,2024-01-17,BOM,DEL,Indigo,196.66,0
2023-10-12,2024-01-21,JFK,LAX,Delta,621.31,0
2023-10-09,2024-01-05,SYD,MEL,Qantas,228.19,0
2023-08-03,2024-01-27,SYD,MEL,Qantas,180.03,0
2023-12-20,2024-01-16,LHR,CDG,Ryanair,251.57,0
2023-11-30,2024-01-04,JFK,LAX,Delta,628.15,1
2023-10-08,2024-01-05,BOM,DEL,Indigo,164.95,1
2024-01-13,2024-02-02,JFK,LAX,Delta,553.19,1
2023-11-26,2024-01-07,BOM,DEL,Indigo,226.96,0
2023-09-10,2024-01-11,SYD,MEL,Qantas,274.34,0
2023-11-20,2024-01-30,SYD,MEL,Qantas,215.9,1
2023-07-12,2024-01-07,SYD,MEL,Qantas,223.04,0
2023-12-02,2024-01-10,BOM,DEL,Indigo,172.51,0
2023-08-12,2024-01-17,JFK,LAX,United,482.03,1
2023-11-17,2024-01-25,JFK,LAX,Delta,617.69,1
2023-08-11,2024-01-31,BOM,DEL,Indigo,77.85,0
2023-11-04,2024-01-11,BOM,DEL,Indigo,276.65,0
2023-12-30,2024-01-01,SYD,MEL,Qantas,563.71,0
2023-08-18,2024-01-07,LHR,CDG,Ryanair,290.28,0
2023-08-23,2024-01-15,SYD,MEL,Qantas,180.87,0
2023-11-26,2024-01-05,JFK,LAX,Delta,709.55,0
2023-10-14,2024-01-08,BOM,DEL,Indigo,178.28,0
2023-07-28,2024-01-18,LHR,CDG,Ryanair,98.81,0
2024-01-03,2024-01-22,JFK,LAX,United,659.06,0
2023-10-06,2024-01-12,JFK,LAX,Delta,587.79,0
2023-11-27,2024-01-21,BOM,DEL,Indigo,227.08,0
2023-09-30,2024-01-30,LHR,CDG,Ryanair,138.14,0
2023-11-22,2024-01-26,JFK,LAX,Delta,705.37,1
2023-10-04,2024-01-27,JFK,LAX,Delta,524.05,0
2023-09-01,2024-01-23,BOM,DEL,Indigo,214.62,0
2023-09-29,2024-01-06,SYD,MEL,Qantas,274.51,0
2023-08-23,2024-01-20,BOM,DEL,Indigo,146.29,0
2023-10-18,2024-01-27,BOM,DEL,Indigo,215.85,0
2023-07-24,2024-01-04,JFK,LAX,United,489.83,0
2023-11-11,2024-01-20,SYD,MEL,Qantas,324.44,0
2023-09-09,2024-01-28,SYD,MEL,Qantas,355.34,1
2024-01-01,2024-01-30,BOM,DEL,Indigo,208.76,0
2023-12-24,2024-01-18,JFK,LAX,United,764.9,1
2023-10-16,2024-01-24,BOM,DEL,Indigo,184.96,0
2023-12-03,2024-01-29,SYD,MEL,Qantas,328.88,1
2023-09-04,2024-01-11,JFK,LAX,United,518.55,0
2023-10-07,2024-01-14,JFK,LAX,Delta,683.5,0
2023-09-20,2024-01-14,LHR,CDG,Ryanair,238.4,0
2023-08-22,2024-01-15,JFK,LAX,Delta,456.93,0
2023-11-15,2024-01-20,JFK,LAX,United,755.53,0
2024-01-16,2024-01-21,JFK,LAX,United,952.2,0
2023-10-15,2024-01-31,JFK,LAX,United,499.0,0
2023-08-30,2024-01-20,JFK,LAX,Delta,517.34,0
2023-11-04,2024-01-03,LHR,CDG,Ryanair,138.44,0
2023-09-10,2024-01-09,LHR,CDG,Ryanair,150.74,0
2023-09-28,2024-01-23,JFK,LAX,United,500.16,0
2023-09-10,2024-01-18,SYD,MEL,Qantas,284.36,0
2023-09-03,2024-01-11,LHR,CDG,Ryanair,61.0,0
2023-10-07,2024-01-14,SYD,MEL,Qantas,317.46,1
2024-01-13,2024-01-17,JFK,LAX,Delta,770.65,0
2024-01-23,2024-01-25,JFK,LAX,United,947.19,0
2023-12-17,2024-01-18,BOM,DEL,Indigo,205.45,0
2023-12-05,2024-02-03,JFK,LAX,United,556.12,1
2023-12-05,2024-02-01,LHR,CDG,Ryanair,157.42,0
2023-08-17,2024-01-25,SYD,MEL,Qantas,223.92,0
2023-10-20,2024-01-24,SYD,MEL,Qantas,241.71,1
2023-10-04,2024-01-08,JFK,LAX,Delta,446.55,0
2023-10-14,2024-01-17,SYD,MEL,Qantas,212.39,1
2023-09-23,2024-01-09,JFK,LAX,Delta,536.76,1
2023-08-25,2024-01-03,JFK,LAX,Delta,482.06,0
2023-12-07,2024-01-29,BOM,DEL,Indigo,278.52,0
2023-12-16,2024-01-03,JFK,LAX,United,677.64,1
2023-10-24,2024-01-28,JFK,LAX,Delta,676.18,0
2023-11-08,2024-01-02,SYD,MEL,Qantas,269.95,1
2023-12-04,2024-01-06,BOM,DEL,Indigo,269.93,0
2023-10-16,2024-01-24,JFK,LAX,United,519.59,0
2023-12-11,2024-01-26,LHR,CDG,Ryanair,1044.76,0
2023-09-06,2024-01-19,BOM,DEL,Indigo,114.83,0
2023-07-30,2024-01-19,SYD,MEL,Qantas,183.43,1
2023-12-22,2024-01-28,JFK,LAX,United,702.05,0
2023-12-03,2024-01-07,JFK,LAX,Delta,616.54,0
2024-01-09,2024-01-11,JFK,LAX,Delta,865.74,0
2023-08-26,2024-01-12,JFK,LAX,United,563.52,0
2023-12-26,2024-01-16,BOM,DEL,Indigo,356.35,0
2023-11-05,2024-02-03,JFK,LAX,Delta,547.72,0
2023-09-14,2024-01-03,SYD,MEL,Qantas,243.25,0
2024-01-17,2024-02-02,BOM,DEL,Indigo,261.24,1
2023-09-27,2024-01-22,LHR,CDG,Ryanair,143.39,0
2023-08-30,2024-01-22,JFK,LAX,Delta,467.22,0
2023-11-11,2024-01-04,BOM,DEL,Indigo,148.32,1
2023-10-21,2024-01-10,SYD,MEL,Qantas,237.49,0
2023-08-18,2024-01-12,SYD,MEL,Qantas,280.15,0
2023-08-01,2024-01-24,JFK,LAX,Delta,472.91,0
2023-08-02,2024-01-19,JFK,LAX,United,605.41,0
2023-07-19,2024-01-13,LHR,CDG,Ryanair,143.68,0
2023-09-06,2024-01-13,SYD,MEL,Qantas,284.58,0
2023-11-12,2024-01-18,JFK,LAX,Delta,497.61,0
2023-08-30,2024-01-21,SYD,MEL,Qantas,246.11,0
2023-08-16,2024-01-27,LHR,CDG,Ryanair,144.32,0
2023-10-21,2024-01-28,LHR,CDG,Ryanair,156.68,0
2023-11-11,2024-01-04,LHR,CDG,Ryanair,197.69,0
2023-09-02,2024-01-09,JFK,LAX,United,487.87,0
2023-12-10,2024-02-02,JFK,LAX,United,530.5,0
2023-10-06,2024-01-10,JFK,LAX,United,453.03,0
2023-11-13,2024-01-27,JFK,LAX,United,648.99,1
2023-07-28,2024-01-09,SYD,MEL,Qantas,133.71,0
2023-09-03,2024-02-02,SYD,MEL,Qantas,151.01,0
2023-10-11,2024-02-01,JFK,LAX,United,492.44,0
2023-11-14,2024-01-13,BOM,DEL,Indigo,196.07,0
2023-09-22,2024-01-17,LHR,CDG,Ryanair,176.24,1
2023-08-05,2024-01-29,JFK,LAX,Delta,409.44,1
2023-12-18,2024-01-02,BOM,DEL,Indigo,309.14,0
2023-11-13,2024-01-26,JFK,LAX,United,578.84,0
2023-08-07,2024-01-09,BOM,DEL,Indigo,130.67,0
2024-01-09,2024-02-24,LHR,CDG,Ryanair,204.42,0
2023-12-19,2024-02-29,BOM,DEL,Indigo,186.74,0
2023-12-16,2024-02-18,JFK,LAX,United,512.06,0
2024-02-22,2024-03-01,JFK,LAX,Delta,638.75,0
2023-08-28,2024-02-05,JFK,LAX,United,310.25,0
2023-11-25,2024-02-11,SYD,MEL,Qantas,278.57,0
2024-02-08,2024-02-27,SYD,MEL,Qantas,305.51,0
2023-12-18,2024-02-09,JFK,LAX,United,483.27,0
2024-01-30,2024-03-06,BOM,DEL,Indigo,165.88,0
2023-09-19,2024-02-21,JFK,LAX,Delta,380.54,0
2023-10-18,2024-02-25,LHR,CDG,Ryanair,63.43,0
2024-02-06,2024-02-16,SYD,MEL,Qantas,495.09,0
2023-10-28,2024-03-07,SYD,MEL,Qantas,188.8,0
2023-12-10,2024-02-04,JFK,LAX,United,585.38,1
2023-12-28,2024-03-06,LHR,CDG,Ryanair,159.18,0
2023-12-01,2024-02-14,SYD,MEL,Qantas,219.61,1
2023-12-13,2024-03-03,LHR,CDG,Ryanair,189.53,1
2023-11-09,2024-03-05,JFK,LAX,Delta,429.92,0
2023-10-17,2024-02-09,LHR,CDG,Ryanair,129.61,0
2023-09-11,2024-02-04,BOM,DEL,Indigo,101.46,1
2024-01-25,2024-02-12,LHR,CDG,Ryanair,263.41,0
2023-09-16,2024-02-20,BOM,DEL,Indigo,95.93,0
2023-09-15,2024-02-28,LHR,CDG,Ryanair,79.27,0
2023-12-24,2024-02-29,LHR,CDG,Ryanair,210.29,0
2024-01-15,2024-02-09,SYD,MEL,Qantas,276.67,1
2023-10-13,2024-02-16,LHR,CDG,Ryanair,136.5,0
2023-09-18,2024-02-20,SYD,MEL,Qantas,131.02,0
2023-12-04,2024-02-29,JFK,LAX,Delta,425.9,1
2023-10-27,2024-03-03,BOM,DEL,Indigo,196.9,0
2023-10-09,2024-02-20,JFK,LAX,United,430.36,0
2023-12-20,2024-02-18,BOM,DEL,Indigo,238.31,0
2023-11-25,2024-03-04,BOM,DEL,Indigo,123.03,0
2023-11-06,2024-02-06,BOM,DEL,Indigo,120.0,0
2023-09-07,2024-02-17,LHR,CDG,Ryanair,79.68,0
2024-01-25,2024-03-02,SYD,MEL,Qantas,291.06,0
2023-12-26,2024-02-11,BOM,DEL,Indigo,275.15,0
2023-10-16,2024-02-14,LHR,CDG,Ryanair,117.95,0
2023-09-08,2024-02-16,BOM,DEL,Indigo,79.19,0
2023-10-23,2024-02-17,SYD,MEL,Qantas,259.38,0
2023-09-15,2024-02-21,BOM,DEL,Indigo,86.18,0
2024-02-19,2024-03-07,LHR,CDG,Ryanair,283.92,0
2023-12-14,2024-02-05,SYD,MEL,Qantas,260.44,1
2023-11-24,2024-02-29,SYD,MEL,Qantas,217.47,0
2023-11-21,2024-02-08,LHR,CDG,Ryanair,210.38,1
2024-02-11,2024-03-07,BOM,DEL,Indigo,205.29,0
2023-09-11,2024-02-22,LHR,CDG,Ryanair,50.0,0
2023-11-28,2024-02-15,JFK,LAX,Delta,507.64,0
2023-10-25,2024-02-13,BOM,DEL,Indigo,139.92,0
2023-09-30,2024-02-10,BOM,DEL,Indigo,192.81,0
2023-10-18,2024-03-03,JFK,LAX,Delta,408.99,1
2024-02-13,2024-02-24,JFK,LAX,United,656.94,0
2024-01-08,2024-02-19,JFK,LAX,United,474.12,0
2023-12-19,2024-03-08,LHR,CDG,Ryanair,233.22,1
2023-12-08,2024-03-03,JFK,LAX,United,547.09,0
2023-12-12,2024-02-28,JFK,LAX,Delta,436.41,0
2023-09-16,2024-02-10,JFK,LAX,United,642.3,0
2023-10-10,2024-02-24,JFK,LAX,Delta,559.86,1
2023-11-22,2024-02-13,SYD,MEL,Qantas,247.08,0
2023-12-25,2024-03-08,JFK,LAX,United,508.79,0
2023-11-02,2024-02-05,BOM,DEL,Indigo,150.25,0
2023-11-18,2024-02-08,JFK,LAX,Delta,410.33,1
2023-10-24,2024-03-02,BOM,DEL,Indigo,144.77,0
2023-09-23,2024-02-08,SYD,MEL,Qantas,184.63,0
2024-01-29,2024-02-27,BOM,DEL,Indigo,170.85,0
2024-01-12,2024-03-06,JFK,LAX,United,556.85,1
2023-12-14,2024-02-16,JFK,LAX,United,528.33,0
2024-02-11,2024-03-04,JFK,LAX,Delta,518.49,0
2023-10-10,2024-02-19,JFK,LAX,Delta,395.76,0
2023-10-18,2024-02-04,LHR,CDG,Ryanair,148.35,0
2023-10-25,2024-02-15,JFK,LAX,United,501.43,0
2023-10-17,2024-02-19,BOM,DEL,Indigo,163.8,0
2023-11-15,2024-02-27,JFK,LAX,Delta,360.6,0
2023-10-26,2024-02-12,JFK,LAX,Delta,413.42,0
2023-12-27,2024-02-27,LHR,CDG,Ryanair,120.07,0
2023-08-11,2024-02-04,SYD,MEL,Qantas,223.52,0
2023-09-06,2024-02-18,SYD,MEL,Qantas,191.69,0
2024-02-01,2024-02-26,JFK,LAX,Delta,422.27,1
2024-01-28,2024-02-29,JFK,LAX,United,560.95,0
2023-10-28,2024-03-04,LHR,CDG,Ryanair,140.23,0
2023-11-10,2024-02-22,SYD,MEL,Qantas,156.67,0
2024-01-03,2024-02-25,JFK,LAX,Delta,510.62,0
2023-11-12,2024-02-10,SYD,MEL,Qantas,246.36,0
2023-11-15,2024-02-06,JFK,LAX,Delta,413.99,0
2023-12-16,2024-03-06,SYD,MEL,Qantas,226.72,0
2024-01-04,2024-02-28,BOM,DEL,Indigo,194.89,1
2023-10-07,2024-02-07,JFK,LAX,Delta,473.92,0
2023-09-02,2024-02-17,JFK,LAX,Delta,524.16,0
2023-11-03,2024-03-04,SYD,MEL,Qantas,175.73,0
2023-10-06,2024-03-02,LHR,CDG,Ryanair,151.71,0
2023-11-10,2024-02-10,LHR,CDG,Ryanair,218.8,0
2023-12-29,2024-02-20,JFK,LAX,Delta,408.63,0
2023-11-23,2024-02-23,SYD,MEL,Qantas,254.54,0
2023-11-14,2024-02-07,BOM,DEL,Indigo,181.92,1
2023-12-18,2024-02-08,JFK,LAX,United,455.78,0
2024-01-26,2024-03-02,JFK,LAX,United,663.91,1
2023-12-17,2024-02-06,JFK,LAX,United,1949.94,0
2023-09-02,2024-02-26,SYD,MEL,Qantas,185.61,0
2024-01-19,2024-03-08,JFK,LAX,Delta,499.7,0
2023-12-16,2024-02-18,LHR,CDG,Ryanair,222.27,0
2023-12-29,2024-02-24,BOM,DEL,Indigo,198.88,0
2024-02-29,2024-03-04,JFK,LAX,United,692.83,0
2023-09-19,2024-02-19,SYD,MEL,Qantas,136.71,0
2023-11-19,2024-03-07,JFK,LAX,Delta,443.25,0
2023-12-26,2024-02-11,JFK,LAX,Delta,608.48,0
2024-01-27,2024-02-28,SYD,MEL,Qantas,269.9,0
2023-12-30,2024-02-17,BOM,DEL,Indigo,228.65,0
2023-12-12,2024-02-05,LHR,CDG,Ryanair,149.87,1
2023-10-05,2024-02-23,JFK,LAX,United,535.74,0
2024-01-20,2024-02-15,BOM,DEL,Indigo,253.68,0
2023-09-29,2024-02-26,LHR,CDG,Ryanair,86.83,0
2023-12-15,2024-02-07,JFK,LAX,United,492.61,0
2023-11-11,2024-03-02,JFK,LAX,Delta,520.17,0
2023-09-28,2024-02-08,BOM,DEL,Indigo,85.48,0
2023-10-04,2024-02-18,JFK,LAX,Delta,435.95,1
2023-12-31,2024-02-07,SYD,MEL,Qantas,1206.84,0
2023-10-09,2024-03-01,LHR,CDG,Ryanair,181.08,0
2023-09-08,2024-02-10,JFK,LAX,Delta,538.0,0
2023-09-02,2024-02-26,JFK,LAX,United,372.7,0
2023-09-11,2024-02-09,BOM,DEL,Indigo,139.69,0
2023-11-07,2024-02-28,JFK,LAX,United,464.9,0
2023-12-31,2024-02-04,JFK,LAX,Delta,557.01,0
2023-12-02,2024-02-09,JFK,LAX,Delta,542.36,1
2023-10-16,2024-02-12,BOM,DEL,Indigo,66.49,0
2024-02-23,2024-03-01,SYD,MEL,Qantas,462.86,0
2023-12-31,2024-02-13,JFK,LAX,Delta,435.32,0
2023-12-08,2024-02-05,JFK,LAX,Delta,425.41,0
2023-10-26,2024-02-21,LHR,CDG,Ryanair,169.61,0
2023-10-28,2024-02-12,JFK,LAX,United,412.13,0
2023-08-25,2024-02-20,LHR,CDG,Ryanair,61.23,0
2023-10-03,2024-03-05,LHR,CDG,Ryanair,125.75,0
2023-10-19,2024-03-05,JFK,LAX,United,442.07,1
2023-09-20,2024-02-22,JFK,LAX,United,404.78,0
2023-11-15,2024-02-23,LHR,CDG,Ryanair,121.32,1
2023-08-30,2024-02-25,SYD,MEL,Qantas,195.5,0
2024-02-06,2024-02-21,SYD,MEL,Qantas,234.27,0
2023-12-30,2024-02-25,JFK,LAX,United,594.98,1
2023-10-27,2024-03-05,BOM,DEL,Indigo,118.51,0
2024-02-17,2024-02-22,JFK,LAX,Delta,550.32,0
2023-11-27,2024-02-21,JFK,LAX,United,473.74,0
2024-01-06,2024-03-01,BOM,DEL,Indigo,181.6,1
2023-10-21,2024-02-11,LHR,CDG,Ryanair,190.19,0
2023-11-28,2024-02-15,LHR,CDG,Ryanair,151.12,0
2023-08-30,2024-02-03,SYD,MEL,Qantas,135.88,0
2024-01-04,2024-02-12,SYD,MEL,Qantas,203.34,0
2024-01-27,2024-02-16,JFK,LAX,Delta,568.36,0
2023-12-25,2024-03-07,JFK,LAX,United,429.15,0
2024-02-11,2024-02-22,BOM,DEL,Indigo,265.16,1
2023-12-31,2024-02-24,SYD,MEL,Qantas,284.37,0
2023-11-19,2024-03-05,SYD,MEL,Qantas,172.34,1
2023-12-17,2024-02-14,JFK,LAX,United,390.72,1
2023-10-20,2024-02-15,SYD,MEL,Qantas,182.98,0
2023-10-13,2024-02-23,BOM,DEL,Indigo,146.28,0
2023-11-10,2024-03-03,SYD,MEL,Qantas,320.1,0
2024-01-27,2024-03-06,JFK,LAX,Delta,465.42,0
2023-09-16,2024-02-25,BOM,DEL,Indigo,129.59,0
2023-12-14,2024-02-17,JFK,LAX,United,496.26,0
2023-11-02,2024-03-01,JFK,LAX,United,460.78,0
2023-09-09,2024-02-07,LHR,CDG,Ryanair,137.99,0
2023-11-05,2024-02-14,JFK,LAX,Delta,508.58,0
2024-02-26,2024-02-27,JFK,LAX,United,649.39,0
2023-10-25,2024-02-14,BOM,DEL,Indigo,122.18,0
2023-12-07,2024-02-26,BOM,DEL,Indigo,128.33,1
2023-10-27,2024-02-13,LHR,CDG,Ryanair,146.78,0
2024-02-02,2024-02-06,LHR,CDG,Ryanair,269.23,0
2024-01-31,2024-02-13,JFK,LAX,United,602.86,0
2023-12-29,2024-02-06,SYD,MEL,Qantas,237.44,0
2024-02-05,2024-02-19,LHR,CDG,Ryanair,211.4,1
2023-11-13,2024-03-23,SYD,MEL,Qantas,197.85,1
2024-02-07,2024-03-24,JFK,LAX,United,672.59,0
2023-11-22,2024-03-21,JFK,LAX,Delta,376.07,0
2024-01-08,2024-04-07,BOM,DEL,Indigo,184.7,0
2024-02-08,2024-03-16,BOM,DEL,Indigo,282.66,0
2024-03-24,2024-04-01,LHR,CDG,Ryanair,272.93,0
2024-02-11,2024-03-11,SYD,MEL,Qantas,251.15,0
2023-12-26,2024-03-31,LHR,CDG,Ryanair,149.21,0
2023-10-18,2024-03-26,JFK,LAX,Delta,369.99,0
2024-03-07,2024-04-04,JFK,LAX,Delta,584.5,0
2024-03-14,2024-03-25,LHR,CDG,Ryanair,254.98,0
2023-10-12,2024-03-18,SYD,MEL,Qantas,151.54,1
2024-02-26,2024-04-10,BOM,DEL,Indigo,204.4,0
2023-12-10,2024-04-11,JFK,LAX,Delta,472.98,0
2023-10-25,2024-03-15,JFK,LAX,United,430.73,1
2024-01-20,2024-03-18,LHR,CDG,Ryanair,189.46,0
2024-03-08,2024-03-23,JFK,LAX,United,615.82,0
2023-10-22,2024-03-17,BOM,DEL,Indigo,147.93,1
2024-01-16,2024-04-10,JFK,LAX,Delta,623.31,0
2024-02-29,2024-03-08,BOM,DEL,Indigo,354.1,0
2023-10-15,2024-03-18,JFK,LAX,United,366.7,1
2023-11-18,2024-04-09,JFK,LAX,Delta,391.82,0
2023-12-20,2024-03-26,BOM,DEL,Indigo,126.48,0
2023-10-29,2024-03-16,JFK,LAX,Delta,444.88,0
2023-12-29,2024-03-22,LHR,CDG,Ryanair,193.78,0
2023-11-23,2024-03-24,JFK,LAX,Delta,494.67,0
2023-10-18,2024-04-09,SYD,MEL,Qantas,172.09,0
2023-11-05,2024-03-30,JFK,LAX,Delta,475.4,0
2023-10-17,2024-04-02,SYD,MEL,Qantas,114.07,0
2024-03-11,2024-03-14,SYD,MEL,Qantas,368.28,0
2024-02-27,2024-04-04,SYD,MEL,Qantas,306.58,1
2023-11-18,2024-03-14,JFK,LAX,United,447.07,0
2024-02-01,2024-03-17,JFK,LAX,Delta,605.72,0
2023-12-15,2024-03-20,BOM,DEL,Indigo,163.23,0
2023-10-12,2024-03-13,SYD,MEL,Qantas,166.83,0
2024-02-16,2024-03-28,JFK,LAX,Delta,525.68,0
2024-01-09,2024-04-02,JFK,LAX,United,461.05,0
2024-03-11,2024-03-14,LHR,CDG,Ryanair,291.82,0
2024-03-03,2024-04-03,JFK,LAX,Delta,557.93,0
2023-10-09,2024-04-05,JFK,LAX,United,529.07,0
2024-01-23,2024-04-02,LHR,CDG,Ryanair,126.43,0
2023-11-22,2024-04-03,BOM,DEL,Indigo,152.52,0
2023-12-15,2024-04-10,JFK,LAX,United,688.67,0
2024-02-13,2024-04-05,SYD,MEL,Qantas,321.19,0
2023-12-15,2024-04-04,LHR,CDG,Ryanair,131.75,0
2023-11-13,2024-04-06,SYD,MEL,Qantas,222.87,0
2024-02-24,2024-03-09,LHR,CDG,Ryanair,309.91,0
2023-12-28,2024-03-09,BOM,DEL,Indigo,178.16,1
2024-02-05,2024-03-13,JFK,LAX,Delta,475.34,0
2024-01-21,2024-03-24,BOM,DEL,Indigo,176.4,0
2023-09-30,2024-03-18,JFK,LAX,Delta,365.59,0
2024-02-12,2024-03-22,JFK,LAX,Delta,547.26,0
2023-12-16,2024-03-13,JFK,LAX,United,486.44,0
2023-10-30,2024-03-15,BOM,DEL,Indigo,165.23,0
2023-11-10,2024-03-25,BOM,DEL,Indigo,133.02,0
2024-03-04,2024-03-15,LHR,CDG,Ryanair,288.8,0
2024-03-16,2024-04-08,BOM,DEL,Indigo,243.25,0
2023-09-29,2024-03-21,SYD,MEL,Qantas,171.5,0
2023-09-23,2024-03-11,JFK,LAX,Delta,349.55,0
2024-03-06,2024-03-28,SYD,MEL,Qantas,361.07,0
2024-02-10,2024-03-31,JFK,LAX,United,620.74,1
2024-01-04,2024-03-12,SYD,MEL,Qantas,185.31,0
2023-11-13,2024-03-16,JFK,LAX,United,478.56,0
2024-01-12,2024-03-24,SYD,MEL,Qantas,305.39,0
2024-02-05,2024-03-13,LHR,CDG,Ryanair,209.97,1
2024-02-26,2024-03-09,JFK,LAX,Delta,688.0,0
2024-03-09,2024-03-14,BOM,DEL,Indigo,354.11,0
2023-10-01,2024-03-10,SYD,MEL,Qantas,194.04,1
2023-11-18,2024-04-09,JFK,LAX,United,380.1,0
2023-12-22,2024-03-19,SYD,MEL,Qantas,206.07,0
2023-10-19,2024-03-31,SYD,MEL,Qantas,130.53,0
2024-02-04,2024-04-07,SYD,MEL,Qantas,300.44,1
2024-01-06,2024-03-20,JFK,LAX,Delta,432.28,0
2024-03-05,2024-04-07,JFK,LAX,United,644.18,0
2024-04-01,2024-04-06,JFK,LAX,United,810.59,1
2023-12-30,2024-03-15,SYD,MEL,Qantas,277.21,1
2024-02-24,2024-03-22,BOM,DEL,Indigo,192.72,0
2024-02-22,2024-03-30,JFK,LAX,United,552.05,0
2023-10-08,2024-03-22,SYD,MEL,Qantas,164.16,0
2023-10-17,2024-04-05,LHR,CDG,Ryanair,125.34,0
2023-10-25,2024-03-27,JFK,LAX,Delta,331.79,0
2023-11-14,2024-03-27,SYD,MEL,Qantas,240.49,0
2024-02-01,2024-03-11,BOM,DEL,Indigo,182.19,0
2023-10-14,2024-04-06,LHR,CDG,Ryanair,132.21,1
2023-11-28,2024-04-08,LHR,CDG,Ryanair,152.03,0
2024-02-27,2024-04-10,SYD,MEL,Qantas,349.83,0
2023-11-28,2024-04-01,JFK,LAX,Delta,388.43,0
2024-02-20,2024-04-04,JFK,LAX,United,547.85,0
2023-12-26,2024-03-16,SYD,MEL,Qantas,215.52,0
2024-03-20,2024-03-28,JFK,LAX,United,697.17,0
2023-10-31,2024-03-12,LHR,CDG,Ryanair,144.66,0
2024-03-27,2024-03-31,JFK,LAX,Delta,805.46,0
2024-01-25,2024-03-31,BOM,DEL,Indigo,214.84,0
2023-12-16,2024-03-17,SYD,MEL,Qantas,265.69,0
2024-02-16,2024-03-18,BOM,DEL,Indigo,192.37,0
2023-12-31,2024-04-03,LHR,CDG,Ryanair,124.55,0
2024-01-26,2024-04-07,JFK,LAX,Delta,546.38,0
2023-12-12,2024-04-04,BOM,DEL,Indigo,183.72,1
2023-11-11,2024-03-10,BOM,DEL,Indigo,199.85,0
2023-12-21,2024-03-25,JFK,LAX,United,444.35,0
2023-10-01,2024-03-23,BOM,DEL,Indigo,136.53,0
2023-12-01,2024-03-29,SYD,MEL,Qantas,232.73,0
2023-11-12,2024-03-12,JFK,LAX,United,388.74,0
2023-11-23,2024-03-10,JFK,LAX,United,448.38,0
2023-12-12,2024-03-14,JFK,LAX,Delta,437.59,0
2024-01-30,2024-04-03,SYD,MEL,Qantas,204.45,0
2023-10-17,2024-03-26,SYD,MEL,Qantas,137.89,0
2024-02-12,2024-03-08,SYD,MEL,Qantas,339.64,1
2024-02-27,2024-03-11,LHR,CDG,Ryanair,265.18,0
2023-11-05,2024-03-27,LHR,CDG,Ryanair,93.31,0
2024-03-02,2024-03-15,JFK,LAX,Delta,678.88,0
2024-03-14,2024-04-01,JFK,LAX,United,615.58,0
2023-11-23,2024-03-20,SYD,MEL,Qantas,183.52,0
2024-03-21,2024-03-28,BOM,DEL,Indigo,294.23,0
2024-03-05,2024-04-09,BOM,DEL,Indigo,240.36,0
2023-12-04,2024-04-06,JFK,LAX,Delta,538.89,0
2024-02-17,2024-03-21,LHR,CDG,Ryanair,193.05,0
2023-10-18,2024-03-26,LHR,CDG,Ryanair,117.34,1
2023-12-24,2024-03-30,BOM,DEL,Indigo,164.92,1
2023-12-08,2024-03-28,LHR,CDG,Ryanair,141.92,0
2024-02-20,2024-04-09,LHR,CDG,Ryanair,226.56,0
2024-02-27,2024-03-20,LHR,CDG,Ryanair,217.72,1
2024-01-26,2024-03-27,BOM,DEL,Indigo,170.01,0
2023-10-08,2024-03-29,BOM,DEL,Indigo,177.24,0
2023-12-14,2024-03-09,JFK,LAX,United,549.67,1
2024-01-21,2024-03-17,JFK,LAX,United,528.71,0
2024-02-24,2024-04-01,SYD,MEL,Qantas,283.06,1
2023-12-18,2024-03-09,SYD,MEL,Qantas,295.15,0
2024-03-06,2024-03-30,SYD,MEL,Qantas,334.81,0
2024-03-14,2024-03-21,JFK,LAX,United,689.08,0
2023-10-05,2024-03-27,JFK,LAX,United,337.46,0
2024-02-25,2024-03-10,JFK,LAX,Delta,598.69,0
2024-02-06,2024-03-17,LHR,CDG,Ryanair,147.93,1
2024-01-01,2024-04-08,JFK,LAX,United,478.72,0
2024-01-17,2024-03-20,JFK,LAX,United,394.48,0
2024-02-01,2024-03-26,JFK,LAX,United,461.78,0
2024-03-26,2024-03-29,JFK,LAX,Delta,1112.69,0
2024-03-06,2024-03-19,LHR,CDG,Ryanair,222.3,0
2024-02-25,2024-03-23,LHR,CDG,Ryanair,246.1,0
2024-01-27,2024-04-05,JFK,LAX,Delta,518.56,0
2023-12-12,2024-03-19,BOM,DEL,Indigo,156.28,0
2024-03-21,2024-04-11,JFK,LAX,United,640.27,0
2023-12-07,2024-04-03,JFK,LAX,United,485.18,0
2023-11-23,2024-03-10,LHR,CDG,Ryanair,187.2,0
2024-02-22,2024-03-22,JFK,LAX,United,553.98,0
2024-02-09,2024-03-19,JFK,LAX,United,478.6,0
2024-01-05,2024-04-01,BOM,DEL,Indigo,122.39,0
2023-11-09,2024-04-10,LHR,CDG,Ryanair,81.07,0
2024-02-25,2024-03-12,JFK,LAX,Delta,516.2,1
2023-10-16,2024-04-05,BOM,DEL,Indigo,98.52,0
2023-10-22,2024-04-08,JFK,LAX,Delta,379.79,0
2023-12-28,2024-03-19,JFK,LAX,Delta,402.02,0
2023-10-12,2024-03-23,JFK,LAX,Delta,466.37,0
2024-02-19,2024-04-07,LHR,CDG,Ryanair,226.26,0
2023-12-17,2024-03-16,LHR,CDG,Ryanair,153.09,0
2024-02-21,2024-04-02,JFK,LAX,Delta,548.99,0
2024-03-02,2024-03-13,BOM,DEL,Indigo,254.96,1
2024-01-23,2024-03-21,BOM,DEL,Indigo,129.69,0
2024-01-13,2024-03-25,JFK,LAX,Delta,515.68,0
2023-09-17,2024-03-12,BOM,DEL,Indigo,81.36,0
2024-01-24,2024-04-08,SYD,MEL,Qantas,203.89,0
2024-02-06,2024-03-11,JFK,LAX,United,521.7,0
2024-03-17,2024-03-29,JFK,LAX,United,847.59,0
2023-12-28,2024-03-30,LHR,CDG,Ryanair,182.2,0
2023-10-22,2024-04-02,BOM,DEL,Indigo,139.63,0
2024-04-21,2024-04-25,BOM,DEL,Indigo,258.53,0
2024-02-20,2024-05-11,LHR,CDG,Ryanair,262.39,1
2024-03-26,2024-04-14,SYD,MEL,Qantas,384.13,0
2024-01-02,2024-04-28,JFK,LAX,Delta,498.06,0
2023-12-28,2024-04-23,BOM,DEL,Indigo,127.63,0
2024-04-20,2024-05-09,BOM,DEL,Indigo,222.62,0
2024-03-11,2024-05-11,JFK,LAX,United,642.93,0
2024-01-28,2024-05-14,JFK,LAX,Delta,464.53,0
2024-01-08,2024-05-05,JFK,LAX,United,596.12,1
2023-11-20,2024-05-12,SYD,MEL,Qantas,155.66,0
2024-01-22,2024-04-22,LHR,CDG,Ryanair,128.66,1
2023-11-28,2024-05-11,SYD,MEL,Qantas,197.45,0
2024-03-21,2024-04-17,SYD,MEL,Qantas,303.44,0
2024-03-03,2024-05-12,BOM,DEL,Indigo,213.3,0
2024-02-06,2024-04-24,JFK,LAX,United,558.07,1
2024-02-24,2024-04-24,LHR,CDG,Ryanair,190.06,0
2023-11-18,2024-04-25,JFK,LAX,Delta,386.53,0
2024-02-07,2024-04-17,LHR,CDG,Ryanair,220.54,0
2024-02-29,2024-04-27,JFK,LAX,United,621.39,0
2023-12-31,2024-05-01,SYD,MEL,Qantas,298.97,0
2023-11-10,2024-05-03,SYD,MEL,Qantas,199.49,0
2023-12-23,2024-05-14,LHR,CDG,Ryanair,113.27,1
2024-03-24,2024-04-24,BOM,DEL,Indigo,209.43,0
2024-04-12,2024-04-24,JFK,LAX,Delta,643.33,0
2024-03-21,2024-05-11,BOM,DEL,Indigo,283.1,0
2023-11-05,2024-05-01,LHR,CDG,Ryanair,153.09,0
2024-02-23,2024-05-15,JFK,LAX,Delta,432.2,0
2023-12-15,2024-05-12,JFK,LAX,Delta,453.09,0
2024-05-07,2024-05-14,JFK,LAX,United,586.15,0
2023-11-19,2024-04-27,BOM,DEL,Indigo,107.44,0
2024-02-12,2024-04-16,JFK,LAX,United,449.84,0
2024-01-27,2024-04-20,JFK,LAX,United,618.17,0
2024-03-19,2024-04-20,LHR,CDG,Ryanair,269.1,0
2024-02-06,2024-04-21,JFK,LAX,Delta,520.59,0
2023-11-04,2024-04-29,BOM,DEL,Indigo,77.08,0
2024-02-05,2024-04-27,LHR,CDG,Ryanair,151.97,0
2024-02-27,2024-05-07,JFK,LAX,Delta,395.33,1
2024-02-03,2024-04-30,JFK,LAX,Delta,459.81,0
2024-03-23,2024-04-16,SYD,MEL,Qantas,305.87,0
2023-11-30,2024-04-27,SYD,MEL,Qantas,210.67,0
2024-03-10,2024-05-09,JFK,LAX,Delta,530.78,0
2024-01-22,2024-04-16,LHR,CDG,Ryanair,139.28,0
2024-01-09,2024-05-02,JFK,LAX,Delta,464.43,0
2024-01-27,2024-05-07,JFK,LAX,United,468.22,0
2024-04-23,2024-05-06,BOM,DEL,Indigo,277.22,0
2024-03-19,2024-04-19,JFK,LAX,Delta,574.37,0
2024-03-16,2024-04-12,JFK,LAX,Delta,673.52,0
2024-04-15,2024-05-02,SYD,MEL,Qantas,336.57,0
2023-12-02,2024-05-09,LHR,CDG,Ryanair,91.21,0
2023-11-29,2024-04-14,JFK,LAX,Delta,495.64,0
2023-11-20,2024-04-15,JFK,LAX,Delta,390.68,0
2023-11-15,2024-04-21,SYD,MEL,Qantas,249.11,0
2024-04-12,2024-04-22,BOM,DEL,Indigo,310.76,0
2024-04-04,2024-04-17,BOM,DEL,Indigo,267.39,0
2023-12-15,2024-04-18,JFK,LAX,United,483.25,0
2024-03-28,2024-04-22,SYD,MEL,Qantas,249.74,0
2023-12-21,2024-05-07,LHR,CDG,Ryanair,90.69,1
2024-03-02,2024-04-13,JFK,LAX,United,645.49,0
2024-01-11,2024-05-03,LHR,CDG,Ryanair,188.98,0
2024-02-05,2024-05-04,LHR,CDG,Ryanair,209.5,0
2024-01-23,2024-04-18,LHR,CDG,Ryanair,200.03,0
2023-11-14,2024-04-24,SYD,MEL,Qantas,159.72,1
2023-12-30,2024-04-28,SYD,MEL,Qantas,305.04,0
2023-12-18,2024-04-15,LHR,CDG,Ryanair,110.9,0
2024-02-21,2024-04-21,LHR,CDG,Ryanair,199.18,1
2024-03-19,2024-04-18,BOM,DEL,Indigo,345.51,0
2024-01-27,2024-05-13,SYD,MEL,Qantas,239.66,0
2023-11-16,2024-05-08,JFK,LAX,Delta,431.34,0
2023-11-27,2024-04-19,LHR,CDG,Ryanair,137.67,0
2023-12-19,2024-05-10,BOM,DEL,Indigo,214.27,0
2024-03-21,2024-04-11,BOM,DEL,Indigo,214.99,0
2024-01-10,2024-05-08,JFK,LAX,United,488.07,1
2024-01-31,2024-04-26,BOM,DEL,Indigo,327.25,1
2023-11-07,2024-04-15,SYD,MEL,Qantas,155.25,0
2023-12-13,2024-05-13,JFK,LAX,Delta,411.03,0
2024-01-14,2024-04-28,BOM,DEL,Indigo,187.07,0
2023-12-15,2024-05-09,SYD,MEL,Qantas,196.6,0
2024-04-26,2024-05-06,JFK,LAX,United,655.07,0
2023-11-26,2024-05-14,BOM,DEL,Indigo,114.84,0
2023-11-03,2024-04-30,LHR,CDG,Ryanair,50.0,0
2024-01-13,2024-05-10,JFK,LAX,United,591.96,0
2023-12-15,2024-04-13,BOM,DEL,Indigo,141.89,0
2024-01-28,2024-05-13,BOM,DEL,Indigo,119.02,0
2024-04-02,2024-04-30,SYD,MEL,Qantas,266.51,0
2024-01-08,2024-04-12,SYD,MEL,Qantas,1325.04,0
2024-02-19,2024-04-13,LHR,CDG,Ryanair,244.42,0
2024-01-09,2024-04-12,BOM,DEL,Indigo,182.67,0
2023-12-15,2024-05-01,JFK,LAX,United,565.53,0
2024-01-15,2024-05-05,LHR,CDG,Ryanair,194.97,1
2024-02-17,2024-04-13,JFK,LAX,Delta,634.82,0
2023-11-30,2024-04-20,BOM,DEL,Indigo,152.53,0
2023-12-23,2024-04-25,SYD,MEL,Qantas,247.56,0
2024-02-24,2024-04-19,JFK,LAX,United,581.32,0
2023-12-18,2024-04-26,SYD,MEL,Qantas,223.43,0
2023-11-27,2024-04-19,BOM,DEL,Indigo,188.75,1
2024-03-21,2024-05-06,LHR,CDG,Ryanair,151.66,0
2024-01-18,2024-05-10,JFK,LAX,Delta,625.33,1
2023-12-10,2024-05-07,SYD,MEL,Qantas,116.97,0
2024-04-07,2024-05-04,BOM,DEL,Indigo,310.39,1
2023-12-05,2024-05-07,BOM,DEL,Indigo,69.37,0
2023-12-07,2024-05-13,JFK,LAX,United,434.27,1
2024-03-12,2024-04-17,JFK,LAX,Delta,563.97,0
2023-11-15,2024-04-13,SYD,MEL,Qantas,231.07,0
2024-02-20,2024-04-29,SYD,MEL,Qantas,245.09,0
2023-12-15,2024-05-04,JFK,LAX,Delta,508.59,0
2024-03-27,2024-04-19,SYD,MEL,Qantas,373.63,0
2023-11-25,2024-04-22,JFK,LAX,United,496.37,0
2023-11-27,2024-05-03,JFK,LAX,United,512.02,0
2024-04-03,2024-05-12,LHR,CDG,Ryanair,139.41,0
2024-03-05,2024-04-26,JFK,LAX,Delta,619.34,0
2024-02-29,2024-04-23,JFK,LAX,United,430.05,1
2023-11-21,2024-04-20,SYD,MEL,Qantas,194.29,0
2024-01-15,2024-05-14,SYD,MEL,Qantas,206.61,1
2023-10-30,2024-04-16,BOM,DEL,Indigo,147.5,0
2024-03-03,2024-05-11,JFK,LAX,Delta,618.36,0
2024-03-31,2024-04-29,JFK,LAX,Delta,497.25,0
2023-12-28,2024-04-12,JFK,LAX,United,574.74,0
2024-04-30,2024-05-02,JFK,LAX,United,818.23,0
2023-11-24,2024-05-06,SYD,MEL,Qantas,116.33,0
2023-11-24,2024-05-02,LHR,CDG,Ryanair,136.33,0
2024-04-21,2024-05-02,BOM,DEL,Indigo,302.72,0
2024-02-06,2024-04-28,JFK,LAX,United,580.93,0
2024-03-18,2024-04-30,JFK,LAX,United,481.16,0
2024-01-07,2024-04-20,JFK,LAX,Delta,526.8,0
2024-03-07,2024-05-09,JFK,LAX,United,495.73,0
2024-01-02,2024-05-03,BOM,DEL,Indigo,182.69,0
2024-02-15,2024-04-22,JFK,LAX,Delta,452.18,0
2023-12-09,2024-04-30,BOM,DEL,Indigo,101.64,1
2023-12-15,2024-04-14,JFK,LAX,United,617.24,0
2024-04-24,2024-05-08,LHR,CDG,Ryanair,246.31,0
2024-02-02,2024-04-14,LHR,CDG,Ryanair,215.15,0
2024-04-10,2024-04-18,JFK,LAX,Delta,723.21,0
2024-01-18,2024-05-05,SYD,MEL,Qantas,229.08,0
2023-12-26,2024-05-06,JFK,LAX,Delta,374.84,0
2023-12-17,2024-05-10,LHR,CDG,Ryanair,131.39,0
2023-12-28,2024-05-08,BOM,DEL,Indigo,136.07,0
2024-02-20,2024-04-11,LHR,CDG,Ryanair,202.07,0
2024-01-10,2024-05-03,JFK,LAX,Delta,454.67,1
2024-03-26,2024-04-29,LHR,CDG,Ryanair,167.17,0
2024-04-09,2024-04-21,BOM,DEL,Indigo,326.9,1
2023-11-22,2024-04-21,JFK,LAX,United,533.31,0
2023-12-16,2024-04-11,SYD,MEL,Qantas,208.34,0
2023-12-21,2024-05-13,LHR,CDG,Ryanair,99.87,0
2024-01-29,2024-05-05,JFK,LAX,Delta,569.33,0
2024-01-26,2024-05-01,JFK,LAX,Delta,564.43,0
2024-02-02,2024-04-25,JFK,LAX,United,504.77,0
2024-01-11,2024-04-17,JFK,LAX,United,417.58,0
2024-01-15,2024-05-05,BOM,DEL,Indigo,193.72,0
2024-02-22,2024-05-10,SYD,MEL,Qantas,345.82,1
2024-02-08,2024-05-04,JFK,LAX,United,665.5,0
2024-02-06,2024-04-15,JFK,LAX,United,456.61,1
2024-02-18,2024-04-23,JFK,LAX,Delta,450.64,0
2024-03-26,2024-05-01,BOM,DEL,Indigo,289.73,0
2024-05-08,2024-05-12,JFK,LAX,United,727.1,0
2024-02-06,2024-04-14,BOM,DEL,Indigo,289.18,0
2024-01-29,2024-04-16,JFK,LAX,Delta,454.9,0
2024-02-04,2024-04-23,SYD,MEL,Qantas,194.81,1
2023-11-30,2024-04-27,JFK,LAX,Delta,476.76,0
2023-12-03,2024-04-25,LHR,CDG,Ryanair,157.1,0
2024-03-02,2024-04-29,JFK,LAX,United,506.56,0
2024-03-05,2024-06-15,LHR,CDG,Ryanair,302.23,0
2024-02-20,2024-05-24,SYD,MEL,Qantas,266.02,0
2023-12-08,2024-06-01,BOM,DEL,Indigo,119.81,0
2023-12-19,2024-06-15,SYD,MEL,Qantas,215.22,0
2024-02-06,2024-05-20,JFK,LAX,United,438.21,0
2024-01-13,2024-05-23,BOM,DEL,Indigo,145.29,0
2024-02-16,2024-06-03,SYD,MEL,Qantas,262.4,0
2024-05-05,2024-06-08,SYD,MEL,Qantas,365.02,0
2024-04-28,2024-05-18,JFK,LAX,Delta,747.62,0
2024-01-30,2024-05-26,JFK,LAX,Delta,597.28,1
2024-02-10,2024-06-02,JFK,LAX,Delta,692.3,0
2023-11-27,2024-05-21,JFK,LAX,United,370.05,0
2024-01-02,2024-05-30,JFK,LAX,Delta,396.59,0
2024-05-02,2024-05-21,LHR,CDG,Ryanair,209.51,1
2024-02-16,2024-06-01,JFK,LAX,United,668.05,1
2024-05-26,2024-06-05,SYD,MEL,Qantas,371.37,0
2024-02-16,2024-05-15,LHR,CDG,Ryanair,132.47,1
2024-04-03,2024-05-16,LHR,CDG,Ryanair,208.97,0
2024-02-24,2024-06-10,BOM,DEL,Indigo,144.4,0
2024-03-01,2024-06-12,SYD,MEL,Qantas,234.92,0
2024-01-09,2024-05-15,SYD,MEL,Qantas,204.69,0
2024-04-14,2024-06-16,SYD,MEL,Qantas,382.31,1
2024-03-14,2024-06-04,BOM,DEL,Indigo,218.99,0
2024-05-13,2024-06-11,BOM,DEL,Indigo,266.38,0
2024-04-15,2024-05-17,SYD,MEL,Qantas,1621.89,0
2024-02-25,2024-05-26,BOM,DEL,Indigo,198.86,0
2024-01-19,2024-06-14,JFK,LAX,United,642.4,0
2024-04-15,2024-06-05,BOM,DEL,Indigo,291.79,0
2024-04-23,2024-06-09,JFK,LAX,United,706.71,0
2024-02-17,2024-06-02,BOM,DEL,Indigo,225.96,0
2024-04-12,2024-06-08,BOM,DEL,Indigo,268.58,0
2024-04-08,2024-05-19,SYD,MEL,Qantas,303.4,0
2024-02-02,2024-05-21,SYD,MEL,Qantas,258.1,1
2024-04-05,2024-06-16,LHR,CDG,Ryanair,283.48,1
2023-12-08,2024-06-02,LHR,CDG,Ryanair,172.23,0
2024-03-25,2024-06-08,LHR,CDG,Ryanair,265.55,0
2023-12-27,2024-05-18,JFK,LAX,United,579.8,0
2024-02-10,2024-06-12,JFK,LAX,United,522.85,0
2024-03-06,2024-05-16,JFK,LAX,Delta,543.99,1
2024-04-22,2024-05-18,BOM,DEL,Indigo,240.43,0
2024-03-21,2024-05-20,LHR,CDG,Ryanair,197.0,0
2024-03-22,2024-05-29,JFK,LAX,United,476.89,1
2024-03-24,2024-05-22,JFK,LAX,United,684.96,0
2024-05-14,2024-05-23,JFK,LAX,Delta,715.13,0
2024-02-25,2024-05-20,JFK,LAX,Delta,468.34,0
2024-04-09,2024-06-17,JFK,LAX,Delta,754.6,1
2024-01-14,2024-06-05,LHR,CDG,Ryanair,120.59,0
2024-02-10,2024-05-21,JFK,LAX,Delta,440.42,0
2024-02-08,2024-05-16,BOM,DEL,Indigo,165.88,0
2024-03-06,2024-05-31,LHR,CDG,Ryanair,161.97,0
2024-03-19,2024-06-12,BOM,DEL,Indigo,158.15,1
2024-01-04,2024-06-08,JFK,LAX,United,660.91,0
2024-05-17,2024-06-03,JFK,LAX,Delta,645.5,0
2024-03-16,2024-05-24,BOM,DEL,Indigo,278.93,0
2023-12-01,2024-05-17,LHR,CDG,Ryanair,103.3,0
2024-05-09,2024-05-30,SYD,MEL,Qantas,357.1,0
2024-03-19,2024-05-25,BOM,DEL,Indigo,226.17,0
2024-02-08,2024-06-11,JFK,LAX,United,490.69,0
2024-03-16,2024-05-16,JFK,LAX,United,565.91,1
2024-05-13,2024-05-19,JFK,LAX,United,856.53,0
2024-02-24,2024-06-12,JFK,LAX,Delta,494.65,0
2024-03-21,2024-06-05,JFK,LAX,United,605.53,0
2024-05-23,2024-06-03,LHR,CDG,Ryanair,301.98,1
2024-03-26,2024-06-07,SYD,MEL,Qantas,341.81,0
2023-12-28,2024-06-14,SYD,MEL,Qantas,221.11,1
2023-12-26,2024-05-22,BOM,DEL,Indigo,170.3,1
2024-05-15,2024-06-07,JFK,LAX,United,753.65,0
2024-04-20,2024-06-02,JFK,LAX,United,703.36,0
2024-02-15,2024-06-10,JFK,LAX,Delta,532.78,0
2024-05-09,2024-05-25,JFK,LAX,Delta,701.65,0
2024-02-06,2024-05-29,BOM,DEL,Indigo,132.34,0
2023-12-09,2024-05-27,SYD,MEL,Qantas,189.7,0
2024-02-04,2024-06-09,BOM,DEL,Indigo,204.77,0
2024-01-02,2024-05-26,JFK,LAX,United,492.41,0
2023-12-23,2024-06-04,SYD,MEL,Qantas,152.58,0
2024-04-30,2024-06-07,LHR,CDG,Ryanair,289.32,0
2024-01-10,2024-06-05,JFK,LAX,Delta,529.47,1
2024-04-02,2024-06-06,SYD,MEL,Qantas,306.81,0
2024-01-20,2024-05-31,JFK,LAX,Delta,637.23,0
2024-05-13,2024-05-27,LHR,CDG,Ryanair,267.55,1
2023-11-27,2024-05-23,JFK,LAX,United,453.13,1
2024-02-29,2024-05-18,LHR,CDG,Ryanair,183.49,1
2024-04-22,2024-05-27,JFK,LAX,Delta,497.03,0
2024-05-09,2024-05-28,JFK,LAX,United,569.96,1
2024-04-25,2024-05-22,LHR,CDG,Ryanair,260.47,0
2023-12-27,2024-06-09,JFK,LAX,Delta,572.69,0
2023-12-29,2024-05-27,BOM,DEL,Indigo,113.88,1
2024-06-03,2024-06-15,JFK,LAX,Delta,783.34,0
2024-05-18,2024-06-17,SYD,MEL,Qantas,398.19,0
2024-02-29,2024-06-01,LHR,CDG,Ryanair,352.59,0
2024-01-12,2024-06-15,BOM,DEL,Indigo,195.63,0
2024-01-08,2024-06-10,LHR,CDG,Ryanair,130.39,0
2024-02-12,2024-05-19,JFK,LAX,Delta,523.62,0
2024-02-27,2024-06-07,JFK,LAX,Delta,626.73,0
2023-12-31,2024-06-17,BOM,DEL,Indigo,169.14,0
2024-02-18,2024-05-15,JFK,LAX,United,474.08,0
2024-02-05,2024-06-13,JFK,LAX,Delta,476.47,0
2024-04-21,2024-06-14,LHR,CDG,Ryanair,204.54,0
2024-01-26,2024-06-14,BOM,DEL,Indigo,143.29,0
2024-03-10,2024-05-24,LHR,CDG,Ryanair,225.2,0
2024-03-05,2024-06-14,JFK,LAX,Delta,670.58,0
2024-01-13,2024-06-13,BOM,DEL,Indigo,174.0,0
2024-04-23,2024-06-03,JFK,LAX,United,533.98,0
2024-04-28,2024-06-06,JFK,LAX,Delta,647.24,1
2024-03-19,2024-05-17,BOM,DEL,Indigo,210.71,0
2023-12-01,2024-05-24,JFK,LAX,United,2159.34,0
2023-12-31,2024-06-01,JFK,LAX,Delta,592.3,0
2024-04-06,2024-06-01,SYD,MEL,Qantas,416.74,1
2024-05-12,2024-06-11,JFK,LAX,Delta,618.26,0
2023-12-26,2024-06-04,JFK,LAX,United,439.06,0
2024-03-16,2024-06-11,LHR,CDG,Ryanair,195.3,0
2023-12-27,2024-05-15,BOM,DEL,Indigo,112.51,0
2024-04-19,2024-06-03,BOM,DEL,Indigo,216.11,0
2024-04-12,2024-06-10,SYD,MEL,Qantas,254.45,0
2024-01-17,2024-05-22,SYD,MEL,Qantas,263.84,0
2024-03-10,2024-05-27,JFK,LAX,United,470.54,0
2023-11-30,2024-05-19,LHR,CDG,Ryanair,50.0,0
2024-04-06,2024-06-15,JFK,LAX,United,664.16,0
2024-04-09,2024-05-29,SYD,MEL,Qantas,197.75,0
2024-02-24,2024-06-12,LHR,CDG,Ryanair,211.23,0
2024-05-01,2024-05-22,JFK,LAX,Delta,695.66,1
2024-04-28,2024-05-28,BOM,DEL,Indigo,221.85,0
2024-01-26,2024-05-17,JFK,LAX,United,593.17,0
2024-03-27,2024-06-16,BOM,DEL,Indigo,197.59,0
2023-12-19,2024-05-23,SYD,MEL,Qantas,219.8,0
2023-12-09,2024-05-25,JFK,LAX,United,531.59,1
2024-03-12,2024-05-29,JFK,LAX,Delta,454.42,0
2024-01-27,2024-06-06,LHR,CDG,Ryanair,186.18,0
2024-03-02,2024-06-08,JFK,LAX,Delta,641.51,0
2023-12-17,2024-06-13,LHR,CDG,Ryanair,149.62,0
2024-04-23,2024-05-20,SYD,MEL,Qantas,263.06,0
2024-04-27,2024-06-06,BOM,DEL,Indigo,272.87,0
2023-12-19,2024-06-11,SYD,MEL,Qantas,186.15,0
2024-04-08,2024-05-30,BOM,DEL,Indigo,219.52,0
2024-02-17,2024-06-09,SYD,MEL,Qantas,324.6,0
2024-02-28,2024-05-25,LHR,CDG,Ryanair,817.15,0
2023-12-21,2024-05-31,BOM,DEL,Indigo,137.24,0
2024-01-14,2024-05-30,JFK,LAX,United,450.74,0
2024-02-23,2024-06-13,JFK,LAX,United,618.1,0
2024-02-21,2024-05-16,SYD,MEL,Qantas,244.0,0
2023-12-15,2024-05-24,JFK,LAX,Delta,463.86,0
2024-04-26,2024-06-02,SYD,MEL,Qantas,401.33,0
2024-03-14,2024-06-06,JFK,LAX,United,669.27,0
2024-01-07,2024-05-28,LHR,CDG,Ryanair,100.06,0
2023-12-24,2024-06-16,JFK,LAX,Delta,598.8,0
2024-03-16,2024-06-17,LHR,CDG,Ryanair,289.78,0
2024-01-10,2024-05-20,BOM,DEL,Indigo,139.96,0
2024-02-24,2024-06-17,JFK,LAX,United,669.72,0
2024-05-04,2024-05-25,SYD,MEL,Qantas,439.14,0
2024-05-09,2024-05-21,BOM,DEL,Indigo,214.4,1
2023-11-30,2024-05-23,LHR,CDG,Ryanair,85.61,0
2023-12-31,2024-06-13,SYD,MEL,Qantas,176.93,1
2024-03-26,2024-05-30,LHR,CDG,Ryanair,147.84,0
2023-12-17,2024-05-31,SYD,MEL,Qantas,202.56,0
2024-06-12,2024-06-16,JFK,LAX,United,1081.49,1
2024-03-04,2024-05-17,JFK,LAX,Delta,544.45,0
2024-04-10,2024-05-26,SYD,MEL,Qantas,378.09,0
2024-04-30,2024-05-28,JFK,LAX,Delta,469.34,0
2024-02-29,2024-06-07,BOM,DEL,Indigo,233.4,0
2024-02-29,2024-05-31,JFK,LAX,United,567.75,0
2024-02-16,2024-06-04,JFK,LAX,Delta,466.3,0
2024-02-17,2024-05-26,LHR,CDG,Ryanair,220.57,0
2024-01-04,2024-06-09,LHR,CDG,Ryanair,52.11,0
2024-05-24,2024-07-06,LHR,CDG,Ryanair,338.69,0
2024-07-03,2024-07-19,SYD,MEL,Qantas,437.89,0
2024-05-13,2024-06-28,LHR,CDG,Ryanair,265.14,0
2024-05-31,2024-06-21,LHR,CDG,Ryanair,320.04,0
2024-02-02,2024-06-24,LHR,CDG,Ryanair,159.7,1
2024-01-10,2024-06-20,JFK,LAX,Delta,509.55,0
2024-01-02,2024-06-25,SYD,MEL,Qantas,258.96,1
2024-03-12,2024-07-16,LHR,CDG,Ryanair,158.06,0
2024-06-10,2024-06-26,SYD,MEL,Qantas,374.49,0
2024-06-02,2024-06-29,SYD,MEL,Qantas,396.13,0
2024-04-29,2024-07-03,JFK,LAX,United,555.69,0
2024-03-30,2024-07-17,JFK,LAX,United,474.28,1
2024-06-07,2024-07-03,SYD,MEL,Qantas,344.7,0
2024-05-10,2024-06-30,SYD,MEL,Qantas,489.57,0
2024-05-04,2024-07-13,JFK,LAX,United,705.28,0
2024-04-03,2024-07-16,JFK,LAX,United,550.26,0
2024-02-05,2024-07-16,BOM,DEL,Indigo,105.3,0
2024-04-12,2024-07-17,BOM,DEL,Indigo,119.2,0
2024-01-23,2024-07-18,LHR,CDG,Ryanair,222.49,0
2024-02-24,2024-07-14,JFK,LAX,Delta,491.46,0
2024-03-15,2024-07-09,SYD,MEL,Qantas,201.78,1
2024-05-18,2024-07-05,SYD,MEL,Qantas,377.84,0
2024-02-02,2024-06-26,JFK,LAX,Delta,517.64,0
2024-03-11,2024-07-16,JFK,LAX,Delta,467.86,0
2024-05-09,2024-07-20,JFK,LAX,Delta,682.75,0
2024-06-04,2024-07-21,LHR,CDG,Ryanair,304.01,0
2024-04-05,2024-07-07,LHR,CDG,Ryanair,212.17,0
2024-01-17,2024-06-27,LHR,CDG,Ryanair,157.09,0
2024-01-06,2024-06-23,BOM,DEL,Indigo,149.54,0
2024-02-28,2024-07-01,SYD,MEL,Qantas,198.27,1
2024-06-28,2024-07-14,SYD,MEL,Qantas,421.67,0
2024-03-22,2024-07-19,BOM,DEL,Indigo,240.26,0
2024-05-17,2024-07-01,JFK,LAX,United,615.97,0
2024-04-04,2024-07-07,JFK,LAX,Delta,653.75,0
2024-03-29,2024-07-20,JFK,LAX,United,674.54,0
2024-03-17,2024-06-29,BOM,DEL,Indigo,202.45,0
2024-01-26,2024-07-06,BOM,DEL,Indigo,131.77,0
2024-05-26,2024-06-18,SYD,MEL,Qantas,356.24,0
2023-12-28,2024-06-19,JFK,LAX,Delta,478.97,0
2024-02-20,2024-07-01,LHR,CDG,Ryanair,150.59,1
2024-06-14,2024-07-15,JFK,LAX,Delta,588.89,0
2024-05-20,2024-07-21,JFK,LAX,Delta,710.13,0
2024-02-16,2024-06-30,JFK,LAX,United,585.29,0
2024-03-22,2024-07-08,LHR,CDG,Ryanair,126.94,0
2024-03-20,2024-07-21,JFK,LAX,United,617.77,0
2024-05-02,2024-07-08,SYD,MEL,Qantas,226.36,0
2024-02-26,2024-07-13,LHR,CDG,Ryanair,151.3,0
2024-03-08,2024-07-21,BOM,DEL,Indigo,178.03,0
2024-03-21,2024-07-19,LHR,CDG,Ryanair,181.71,0
2024-01-18,2024-07-09,JFK,LAX,United,455.06,0
2024-01-29,2024-07-12,JFK,LAX,Delta,637.42,0
2024-01-20,2024-06-25,JFK,LAX,Delta,567.78,0
2024-01-14,2024-07-08,JFK,LAX,United,418.75,0
2024-05-11,2024-07-15,SYD,MEL,Qantas,245.34,1
2024-04-14,2024-07-20,BOM,DEL,Indigo,283.16,0
2024-05-04,2024-07-12,SYD,MEL,Qantas,314.52,0
2024-04-30,2024-06-22,LHR,CDG,Ryanair,341.63,0
2024-03-17,2024-07-11,LHR,CDG,Ryanair,146.88,0
2024-07-08,2024-07-12,BOM,DEL,Indigo,322.68,0
2024-07-10,2024-07-13,BOM,DEL,Indigo,421.17,1
2024-01-13,2024-06-27,JFK,LAX,Delta,551.24,0
2024-01-26,2024-07-03,BOM,DEL,Indigo,98.83,0
2024-04-08,2024-07-06,JFK,LAX,United,607.7,0
2024-04-20,2024-06-24,JFK,LAX,Delta,620.5,0
2024-05-12,2024-07-03,LHR,CDG,Ryanair,263.6,0
2024-02-17,2024-06-19,SYD,MEL,Qantas,265.34,0
2024-06-06,2024-07-02,SYD,MEL,Qantas,320.61,0
2024-06-21,2024-07-18,BOM,DEL,Indigo,245.85,1
2024-01-14,2024-06-22,JFK,LAX,United,499.94,0
2024-06-15,2024-07-02,BOM,DEL,Indigo,246.39,0
2024-05-19,2024-07-03,JFK,LAX,Delta,642.76,0
2024-07-10,2024-07-16,SYD,MEL,Qantas,450.05,0
2024-01-11,2024-06-24,SYD,MEL,Qantas,223.37,0
2024-05-21,2024-06-21,BOM,DEL,Indigo,253.9,1
2024-02-06,2024-07-09,BOM,DEL,Indigo,130.74,1
2024-05-24,2024-07-10,SYD,MEL,Qantas,343.99,1
2024-04-28,2024-07-05,BOM,DEL,Indigo,182.78,1
2024-05-25,2024-07-14,JFK,LAX,United,666.37,0
2024-04-01,2024-07-06,SYD,MEL,Qantas,321.51,0
2024-02-28,2024-06-29,JFK,LAX,United,626.09,0
2024-02-07,2024-07-18,JFK,LAX,Delta,477.62,0
2024-02-22,2024-07-18,SYD,MEL,Qantas,227.72,0
2024-05-07,2024-07-02,JFK,LAX,United,580.09,1
2024-04-09,2024-07-09,LHR,CDG,Ryanair,989.8,1
2024-04-29,2024-06-22,JFK,LAX,Delta,715.68,0
2024-03-22,2024-06-23,LHR,CDG,Ryanair,190.74,0
2024-04-02,2024-06-24,BOM,DEL,Indigo,184.84,1
2024-07-05,2024-07-15,JFK,LAX,United,674.16,0
2024-05-29,2024-06-21,SYD,MEL,Qantas,395.4,0
2024-05-31,2024-06-22,BOM,DEL,Indigo,306.39,1
2024-06-28,2024-07-08,BOM,DEL,Indigo,445.88,0
2024-03-20,2024-06-28,JFK,LAX,Delta,597.12,0
2024-04-03,2024-07-05,JFK,LAX,Delta,635.02,0
2024-02-22,2024-07-17,SYD,MEL,Qantas,211.04,0
2024-02-08,2024-06-24,JFK,LAX,United,464.3,0
2024-06-19,2024-07-04,JFK,LAX,United,727.47,1
2024-06-14,2024-06-25,BOM,DEL,Indigo,332.69,1
2024-05-18,2024-06-30,BOM,DEL,Indigo,321.02,1
2024-04-18,2024-07-13,SYD,MEL,Qantas,341.83,0
2024-02-12,2024-06-18,BOM,DEL,Indigo,160.29,0
2024-06-18,2024-07-10,JFK,LAX,Delta,730.09,1
2024-02-25,2024-06-23,JFK,LAX,Delta,631.16,0
2024-02-08,2024-06-25,JFK,LAX,United,436.21,0
2024-06-14,2024-06-22,SYD,MEL,Qantas,551.53,0
2024-02-01,2024-06-26,LHR,CDG,Ryanair,120.84,0
2024-06-04,2024-07-02,LHR,CDG,Ryanair,264.01,0
2024-06-24,2024-07-05,LHR,CDG,Ryanair,402.91,0
2024-03-26,2024-07-08,JFK,LAX,Delta,433.31,0
2024-03-23,2024-07-12,JFK,LAX,United,618.51,0
2024-07-14,2024-07-17,JFK,LAX,Delta,901.84,0
2024-05-05,2024-06-19,BOM,DEL,Indigo,319.35,1
2024-02-21,2024-07-04,LHR,CDG,Ryanair,149.23,0
2024-06-24,2024-06-27,BOM,DEL,Indigo,426.11,0
2024-04-17,2024-07-01,JFK,LAX,Delta,527.98,0
2024-06-05,2024-07-14,BOM,DEL,Indigo,294.71,0
2024-01-20,2024-06-30,JFK,LAX,Delta,573.8,0
2024-03-27,2024-07-11,JFK,LAX,United,647.02,1
2024-06-16,2024-06-19,LHR,CDG,Ryanair,414.83,0
2024-03-18,2024-06-28,BOM,DEL,Indigo,216.21,0
2024-02-08,2024-07-11,JFK,LAX,Delta,512.88,0
2024-05-12,2024-07-13,JFK,LAX,Delta,780.72,0
2024-03-21,2024-07-11,BOM,DEL,Indigo,161.89,1
2024-02-15,2024-06-20,SYD,MEL,Qantas,227.59,0
2024-05-05,2024-06-23,JFK,LAX,United,721.28,0
2024-03-08,2024-07-18,JFK,LAX,United,600.14,0
2024-06-15,2024-06-28,JFK,LAX,United,788.88,0
2024-03-09,2024-06-28,SYD,MEL,Qantas,233.09,0
2024-01-28,2024-06-25,LHR,CDG,Ryanair,115.94,0
2024-04-05,2024-06-19,JFK,LAX,United,521.12,0
2024-04-25,2024-07-10,BOM,DEL,Indigo,186.48,0
2024-05-17,2024-06-20,BOM,DEL,Indigo,282.83,1
2024-01-15,2024-06-21,JFK,LAX,United,457.37,1
2024-04-21,2024-07-05,JFK,LAX,United,720.97,0
2024-03-28,2024-07-07,BOM,DEL,Indigo,222.12,0
2024-01-13,2024-07-10,LHR,CDG,Ryanair,126.32,0
2024-02-17,2024-07-15,BOM,DEL,Indigo,160.54,0
2024-05-12,2024-06-18,JFK,LAX,United,565.98,0
2024-04-21,2024-07-06,JFK,LAX,Delta,639.92,0
2024-04-10,2024-07-07,JFK,LAX,United,755.04,0
2024-01-23,2024-07-10,JFK,LAX,United,500.9,0
2024-03-10,2024-06-27,JFK,LAX,United,582.42,0
2024-03-18,2024-07-19,JFK,LAX,Delta,632.92,0
2024-04-14,2024-06-18,JFK,LAX,Delta,574.47,0
2024-03-01,2024-06-20,LHR,CDG,Ryanair,175.28,0
2024-03-22,2024-07-20,SYD,MEL,Qantas,269.53,0
2024-01-27,2024-07-01,BOM,DEL,Indigo,159.13,0
2024-07-01,2024-07-04,SYD,MEL,Qantas,591.1,0
2024-03-13,2024-07-14,LHR,CDG,Ryanair,129.71,1
2024-04-25,2024-06-29,LHR,CDG,Ryanair,292.64,0
2024-06-18,2024-07-12,LHR,CDG,Ryanair,358.43,0
2024-04-09,2024-07-04,BOM,DEL,Indigo,237.04,0
2024-03-02,2024-07-20,LHR,CDG,Ryanair,162.03,0
2024-02-24,2024-06-21,JFK,LAX,Delta,584.89,0
2024-05-13,2024-07-17,LHR,CDG,Ryanair,198.73,0
2024-06-17,2024-06-29,JFK,LAX,Delta,897.37,0
2024-01-07,2024-06-27,SYD,MEL,Qantas,272.38,0
2024-02-06,2024-06-18,LHR,CDG,Ryanair,170.91,0
2024-01-28,2024-06-20,JFK,LAX,United,474.73,0
2024-01-03,2024-06-23,SYD,MEL,Qantas,192.09,0
2024-05-09,2024-06-26,JFK,LAX,United,651.28,0
2024-01-08,2024-07-04,JFK,LAX,Delta,513.43,0
2024-02-02,2024-07-07,SYD,MEL,Qantas,295.96,0
2024-02-06,2024-07-11,SYD,MEL,Qantas,820.85,0
2024-01-29,2024-07-19,JFK,LAX,United,594.32,0
2024-07-07,2024-08-04,LHR,CDG,Ryanair,274.7,0
2024-04-29,2024-07-29,JFK,LAX,Delta,470.32,0
2024-04-11,2024-08-04,JFK,LAX,United,651.56,0
2024-02-01,2024-07-26,JFK,LAX,Delta,588.03,0
2024-03-22,2024-08-15,BOM,DEL,Indigo,139.46,0
2024-06-01,2024-07-24,JFK,LAX,United,623.55,0
2024-05-10,2024-08-17,LHR,CDG,Ryanair,220.5,1
2024-02-16,2024-07-31,LHR,CDG,Ryanair,76.55,0
2024-07-03,2024-08-12,LHR,CDG,Ryanair,260.42,1
2024-03-19,2024-08-11,LHR,CDG,Ryanair,214.46,0
2024-02-27,2024-07-27,LHR,CDG,Ryanair,160.01,0
2024-04-17,2024-08-14,LHR,CDG,Ryanair,135.91,0
2024-03-31,2024-08-22,LHR,CDG,Ryanair,173.06,0
2024-04-09,2024-08-03,LHR,CDG,Ryanair,146.23,0
2024-06-05,2024-08-06,SYD,MEL,Qantas,373.87,0
2024-04-15,2024-07-24,BOM,DEL,Indigo,268.67,0
2024-05-16,2024-08-07,SYD,MEL,Qantas,253.79,0
2024-06-17,2024-07-27,SYD,MEL,Qantas,329.3,0
2024-01-27,2024-07-24,SYD,MEL,Qantas,142.21,1
2024-02-17,2024-07-23,SYD,MEL,Qantas,272.22,0
2024-03-20,2024-08-16,BOM,DEL,Indigo,118.74,0
2024-03-22,2024-08-18,SYD,MEL,Qantas,301.35,0
2024-04-20,2024-08-10,BOM,DEL,Indigo,292.98,0
2024-02-25,2024-07-31,BOM,DEL,Indigo,148.63,0
2024-05-20,2024-08-23,JFK,LAX,United,569.63,0
2024-08-12,2024-08-23,SYD,MEL,Qantas,456.82,0
2024-06-06,2024-08-09,LHR,CDG,Ryanair,251.71,0
2024-07-21,2024-07-23,LHR,CDG,Ryanair,400.96,1
2024-02-29,2024-08-07,JFK,LAX,Delta,434.45,0
2024-04-13,2024-07-29,LHR,CDG,Ryanair,107.5,0
2024-06-07,2024-08-01,SYD,MEL,Qantas,321.2,1
2024-06-22,2024-07-29,BOM,DEL,Indigo,244.6,0
2024-05-10,2024-08-10,JFK,LAX,United,630.96,0
2024-06-10,2024-07-25,LHR,CDG,Ryanair,185.66,0
2024-05-17,2024-07-29,JFK,LAX,United,559.66,0
2024-05-14,2024-07-22,BOM,DEL,Indigo,202.6,0
2024-02-18,2024-07-28,JFK,LAX,Delta,512.64,0
2024-02-04,2024-07-22,SYD,MEL,Qantas,199.25,0
2024-05-28,2024-07-30,BOM,DEL,Indigo,199.38,0
2024-07-02,2024-08-10,SYD,MEL,Qantas,422.57,0
2024-04-23,2024-08-20,SYD,MEL,Qantas,231.58,0
2024-06-27,2024-07-25,JFK,LAX,United,704.05,0
2024-05-29,2024-08-06,LHR,CDG,Ryanair,225.91,0
2024-02-21,2024-07-26,BOM,DEL,Indigo,168.41,0
2024-04-08,2024-08-19,BOM,DEL,Indigo,161.7,1
2024-03-27,2024-08-12,BOM,DEL,Indigo,145.16,0
2024-03-17,2024-08-05,BOM,DEL,Indigo,150.76,0
2024-06-10,2024-08-10,LHR,CDG,Ryanair,193.27,0
2024-07-20,2024-08-09,JFK,LAX,United,962.61,0
2024-05-24,2024-08-12,SYD,MEL,Qantas,288.96,0
2024-03-19,2024-08-18,LHR,CDG,Ryanair,89.77,0
2024-02-28,2024-08-23,BOM,DEL,Indigo,154.9,0
2024-03-05,2024-08-03,BOM,DEL,Indigo,251.56,1
2024-05-24,2024-08-01,JFK,LAX,United,632.4,0
2024-06-14,2024-08-24,JFK,LAX,Delta,645.17,0
2024-04-29,2024-07-30,LHR,CDG,Ryanair,157.53,0
2024-03-05,2024-08-02,BOM,DEL,Indigo,73.36,0
2024-07-27,2024-08-16,JFK,LAX,Delta,779.48,0
2024-03-14,2024-08-04,SYD,MEL,Qantas,283.09,1
2024-05-24,2024-07-28,SYD,MEL,Qantas,377.59,0
2024-06-16,2024-08-21,BOM,DEL,Indigo,229.77,0
2024-02-22,2024-07-26,SYD,MEL,Qantas,260.63,0
2024-06-18,2024-08-05,SYD,MEL,Qantas,314.56,0
2024-05-14,2024-08-02,JFK,LAX,United,729.48,1
2024-04-30,2024-08-12,JFK,LAX,United,529.04,0
2024-02-19,2024-08-15,JFK,LAX,Delta,444.99,0
2024-04-04,2024-07-24,JFK,LAX,Delta,508.3,0
2024-04-25,2024-08-06,BOM,DEL,Indigo,211.58,0
2024-03-18,2024-07-31,JFK,LAX,Delta,515.72,1
2024-07-08,2024-08-15,SYD,MEL,Qantas,362.94,0
2024-05-02,2024-07-26,LHR,CDG,Ryanair,195.34,1
2024-03-26,2024-08-16,LHR,CDG,Ryanair,113.6,1
2024-06-17,2024-08-20,JFK,LAX,Delta,456.91,0
2024-07-28,2024-08-02,SYD,MEL,Qantas,593.35,1
2024-06-10,2024-08-11,SYD,MEL,Qantas,350.84,0
2024-05-03,2024-08-15,LHR,CDG,Ryanair,121.18,0
2024-05-17,2024-08-16,JFK,LAX,United,732.06,0
2024-03-22,2024-08-03,SYD,MEL,Qantas,260.7,0
2024-05-15,2024-08-13,JFK,LAX,Delta,467.2,0
2024-05-14,2024-08-24,JFK,LAX,United,674.91,1
2024-03-01,2024-08-05,LHR,CDG,Ryanair,175.35,0
2024-03-24,2024-07-25,JFK,LAX,Delta,547.71,0
2024-06-16,2024-08-21,LHR,CDG,Ryanair,217.12,0
2024-07-20,2024-08-06,JFK,LAX,United,683.57,0
2024-06-08,2024-08-09,BOM,DEL,Indigo,239.45,0
2024-06-03,2024-07-29,SYD,MEL,Qantas,259.71,1
2024-05-19,2024-08-07,LHR,CDG,Ryanair,178.5,0
2024-02-27,2024-08-03,JFK,LAX,Delta,576.49,0
2024-03-12,2024-08-14,JFK,LAX,Delta,433.47,0
2024-06-10,2024-08-01,BOM,DEL,Indigo,240.49,0
2024-06-03,2024-08-06,JFK,LAX,Delta,528.49,1
2024-03-29,2024-07-30,JFK,LAX,Delta,509.17,0
2024-03-17,2024-08-24,LHR,CDG,Ryanair,140.66,1
2024-04-26,2024-08-23,JFK,LAX,Delta,555.43,0
2024-04-25,2024-07-23,JFK,LAX,United,497.88,0
2024-05-17,2024-07-22,LHR,CDG,Ryanair,183.02,1
2024-03-24,2024-07-31,JFK,LAX,United,430.27,0
2024-06-05,2024-08-19,LHR,CDG,Ryanair,196.83,0
2024-06-20,2024-08-18,BOM,DEL,Indigo,197.81,0
2024-03-11,2024-08-16,SYD,MEL,Qantas,272.99,0
2024-04-26,2024-08-08,SYD,MEL,Qantas,255.95,0
2024-03-23,2024-07-28,LHR,CDG,Ryanair,124.08,0
2024-06-27,2024-08-02,JFK,LAX,Delta,619.46,0
2024-02-13,2024-07-30,JFK,LAX,United,529.32,1
2024-04-30,2024-07-31,SYD,MEL,Qantas,284.44,0
2024-03-23,2024-08-20,JFK,LAX,United,582.22,0
2024-07-01,2024-08-18,JFK,LAX,United,656.57,0
2024-03-22,2024-08-19,SYD,MEL,Qantas,180.49,0
2024-08-01,2024-08-21,JFK,LAX,Delta,692.66,1
2024-06-25,2024-08-09,JFK,LAX,Delta,799.05,1
2024-03-04,2024-08-17,JFK,LAX,Delta,509.06,0
2024-05-26,2024-08-22,SYD,MEL,Qantas,248.23,0
2024-06-13,2024-08-13,BOM,DEL,Indigo,172.65,0
2024-05-07,2024-07-28,JFK,LAX,United,641.41,1
2024-07-23,2024-08-14,SYD,MEL,Qantas,369.51,0
2024-04-13,2024-08-13,SYD,MEL,Qantas,197.65,0
2024-07-09,2024-08-08,JFK,LAX,United,645.7,0
2024-02-29,2024-08-18,JFK,LAX,Delta,496.71,0
2024-06-01,2024-08-01,LHR,CDG,Ryanair,159.11,0
2024-04-21,2024-08-07,BOM,DEL,Indigo,227.11,0
2024-05-01,2024-07-22,JFK,LAX,United,521.33,1
2024-01-28,2024-07-23,JFK,LAX,Delta,397.29,0
2024-04-04,2024-08-14,JFK,LAX,United,555.18,0
2024-04-12,2024-08-21,JFK,LAX,United,575.76,1
2024-03-27,2024-08-22,JFK,LAX,Delta,526.02,0
2024-06-02,2024-08-02,LHR,CDG,Ryanair,285.78,0
2024-07-05,2024-08-03,JFK,LAX,United,656.94,0
2024-02-24,2024-08-12,JFK,LAX,Delta,522.54,0
2024-03-18,2024-08-17,JFK,LAX,United,623.81,0
2024-06-14,2024-07-27,BOM,DEL,Indigo,276.27,0
2024-06-28,2024-08-11,JFK,LAX,Delta,741.06,0
2024-03-26,2024-08-19,JFK,LAX,United,497.09,0
2024-03-30,2024-08-04,BOM,DEL,Indigo,191.94,0
2024-05-24,2024-08-17,BOM,DEL,Indigo,186.75,0
2024-07-17,2024-08-08,BOM,DEL,Indigo,299.72,0
2024-06-20,2024-08-15,JFK,LAX,United,661.03,0
2024-08-13,2024-08-14,BOM,DEL,Indigo,474.22,0
2024-05-13,2024-07-26,JFK,LAX,United,620.36,0
2024-03-16,2024-08-07,JFK,LAX,United,556.37,0
2024-03-15,2024-08-08,LHR,CDG,Ryanair,153.24,0
2024-02-28,2024-08-22,BOM,DEL,Indigo,181.98,0
2024-05-02,2024-08-04,JFK,LAX,Delta,3094.04,0
2024-02-10,2024-07-27,JFK,LAX,United,625.95,0
2024-03-06,2024-08-21,SYD,MEL,Qantas,228.89,0
2024-02-29,2024-08-13,LHR,CDG,Ryanair,132.19,0
2024-07-01,2024-08-23,LHR,CDG,Ryanair,262.84,1
2024-07-26,2024-07-30,SYD,MEL,Qantas,346.28,0
2024-02-21,2024-08-08,JFK,LAX,Delta,510.36,0
2024-02-27,2024-08-20,LHR,CDG,Ryanair,114.0,0
2024-02-24,2024-08-20,BOM,DEL,Indigo,98.98,0
2024-04-16,2024-08-22,JFK,LAX,United,543.86,0
2024-06-12,2024-08-13,JFK,LAX,United,543.82,0
2024-02-03,2024-07-23,BOM,DEL,Indigo,82.28,0
2024-02-25,2024-07-22,JFK,LAX,Delta,487.19,0
2024-05-13,2024-07-25,SYD,MEL,Qantas,273.38,0
2024-07-18,2024-08-19,JFK,LAX,Delta,619.99,0
2024-06-06,2024-07-24,LHR,CDG,Ryanair,184.81,0
2024-04-26,2024-07-27,JFK,LAX,Delta,767.47,0
2024-03-05,2024-08-10,JFK,LAX,Delta,592.32,0
2024-07-07,2024-07-21,SYD,MEL,Qantas,563.21,0
2024-06-01,2024-08-11,JFK,LAX,United,720.62,0
2024-04-24,2024-08-09,SYD,MEL,Qantas,316.9,1
2024-04-02,2024-08-11,BOM,DEL,Indigo,253.23,1
2024-03-18,2024-07-25,BOM,DEL,Indigo,193.06,0
2024-05-09,2024-08-01,JFK,LAX,Delta,550.3,0
2024-07-19,2024-08-17,SYD,MEL,Qantas,342.52,0
2024-05-28,2024-09-03,BOM,DEL,Indigo,186.39,0
2024-08-12,2024-09-23,JFK,LAX,Delta,515.84,1
2024-05-12,2024-09-11,JFK,LAX,Delta,433.91,0
2024-08-23,2024-09-04,JFK,LAX,Delta,663.16,0
2024-06-16,2024-09-20,JFK,LAX,Delta,508.06,1
2024-07-11,2024-08-26,JFK,LAX,United,507.15,0
2024-08-12,2024-08-25,BOM,DEL,Indigo,1890.59,0
2024-05-01,2024-09-26,JFK,LAX,United,384.2,0
2024-05-31,2024-08-26,SYD,MEL,Qantas,231.22,0
2024-06-07,2024-09-23,LHR,CDG,Ryanair,107.47,0
2024-07-18,2024-09-14,BOM,DEL,Indigo,234.88,0
2024-07-11,2024-09-17,JFK,LAX,Delta,435.9,1
2024-05-24,2024-08-25,JFK,LAX,United,617.85,0
2024-04-11,2024-09-05,BOM,DEL,Indigo,132.07,0
2024-05-16,2024-09-23,SYD,MEL,Qantas,192.59,0
2024-05-18,2024-09-03,JFK,LAX,Delta,403.56,0
2024-08-03,2024-09-16,JFK,LAX,United,536.78,0
2024-06-15,2024-08-30,SYD,MEL,Qantas,359.85,0
2024-06-13,2024-08-28,JFK,LAX,United,544.62,0
2024-08-20,2024-09-25,JFK,LAX,Delta,458.15,1
2024-07-01,2024-08-27,JFK,LAX,Delta,523.99,0
2024-04-05,2024-09-07,JFK,LAX,Delta,471.07,1
2024-03-27,2024-09-13,JFK,LAX,Delta,486.04,0
2024-04-13,2024-09-09,JFK,LAX,United,410.67,0
2024-05-06,2024-09-12,SYD,MEL,Qantas,210.96,0
2024-05-26,2024-09-07,SYD,MEL,Qantas,313.5,0
2024-06-13,2024-08-24,SYD,MEL,Qantas,253.99,0
2024-08-02,2024-09-26,JFK,LAX,Delta,466.36,0
2024-04-26,2024-08-31,LHR,CDG,Ryanair,114.23,0
2024-09-20,2024-09-22,SYD,MEL,Qantas,482.77,1
2024-07-12,2024-09-04,SYD,MEL,Qantas,247.11,0
2024-05-31,2024-09-02,BOM,DEL,Indigo,149.81,0
2024-09-13,2024-09-19,BOM,DEL,Indigo,354.24,0
2024-09-16,2024-09-24,SYD,MEL,Qantas,307.25,1
2024-08-12,2024-09-08,JFK,LAX,Delta,655.55,0
2024-09-06,2024-09-25,SYD,MEL,Qantas,310.96,0
2024-05-30,2024-09-06,LHR,CDG,Ryanair,219.47,0
2024-05-16,2024-09-09,BOM,DEL,Indigo,147.83,0
2024-03-24,2024-09-13,SYD,MEL,Qantas,167.59,0
2024-03-27,2024-08-30,JFK,LAX,Delta,420.45,1
2024-07-22,2024-09-11,BOM,DEL,Indigo,207.33,0
2024-06-18,2024-08-28,LHR,CDG,Ryanair,210.31,0
2024-05-26,2024-08-30,JFK,LAX,United,606.93,1
2024-09-09,2024-09-14,SYD,MEL,Qantas,504.17,0
2024-06-21,2024-09-01,LHR,CDG,Ryanair,193.53,1
2024-06-30,2024-09-11,LHR,CDG,Ryanair,170.99,0
2024-07-10,2024-08-31,JFK,LAX,Delta,738.62,0
2024-05-31,2024-08-28,SYD,MEL,Qantas,297.76,1
2024-03-15,2024-08-31,JFK,LAX,United,572.21,0
2024-05-13,2024-09-12,JFK,LAX,Delta,489.29,0
2024-04-27,2024-09-16,SYD,MEL,Qantas,131.71,0
2024-06-25,2024-09-23,JFK,LAX,United,493.87,1
2024-07-25,2024-09-06,JFK,LAX,Delta,566.03,0
2024-03-12,2024-09-05,JFK,LAX,Delta,391.81,0
2024-04-19,2024-09-09,SYD,MEL,Qantas,203.43,0
2024-08-02,2024-09-03,SYD,MEL,Qantas,260.02,0
2024-04-09,2024-09-16,JFK,LAX,Delta,374.43,1
2024-08-24,2024-09-06,JFK,LAX,United,806.61,1
2024-07-08,2024-09-23,BOM,DEL,Indigo,160.93,0
2024-05-09,2024-09-02,SYD,MEL,Qantas,187.22,0
2024-07-19,2024-09-27,JFK,LAX,United,506.68,1
2024-03-17,2024-09-08,LHR,CDG,Ryanair,110.7,0
2024-05-08,2024-09-17,JFK,LAX,United,457.57,0
2024-05-08,2024-09-19,JFK,LAX,Delta,464.9,0
2024-05-19,2024-09-19,SYD,MEL,Qantas,254.78,0
2024-03-29,2024-09-01,SYD,MEL,Qantas,190.92,0
2024-06-01,2024-09-12,JFK,LAX,United,560.6,0
2024-06-30,2024-09-21,LHR,CDG,Ryanair,192.87,0
2024-06-18,2024-09-26,BOM,DEL,Indigo,108.04,0
2024-08-29,2024-09-15,JFK,LAX,United,775.1,1
2024-04-03,2024-09-25,BOM,DEL,Indigo,98.04,0
2024-09-10,2024-09-26,LHR,CDG,Ryanair,314.35,0
2024-08-12,2024-09-12,LHR,CDG,Ryanair,237.86,0
2024-06-19,2024-08-30,LHR,CDG,Ryanair,270.21,0
2024-04-05,2024-09-15,SYD,MEL,Qantas,200.85,0
2024-05-06,2024-09-24,LHR,CDG,Ryanair,114.8,0
2024-04-28,2024-08-26,JFK,LAX,Delta,486.72,0
2024-05-04,2024-09-15,JFK,LAX,Delta,549.62,1
2024-08-09,2024-09-06,BOM,DEL,Indigo,252.68,0
2024-05-04,2024-09-17,BOM,DEL,Indigo,127.68,0
2024-05-06,2024-08-26,BOM,DEL,Indigo,170.48,0
2024-04-25,2024-09-18,BOM,DEL,Indigo,96.97,1
2024-09-11,2024-09-25,LHR,CDG,Ryanair,167.3,0
2024-06-01,2024-09-11,JFK,LAX,United,570.22,0
2024-07-14,2024-09-24,JFK,LAX,Delta,433.15,1
2024-05-13,2024-08-27,BOM,DEL,Indigo,187.28,0
2024-06-18,2024-08-29,LHR,CDG,Ryanair,238.96,0
2024-04-25,2024-09-01,JFK,LAX,Delta,472.17,0
2024-07-14,2024-09-15,BOM,DEL,Indigo,212.93,1
2024-04-19,2024-09-03,LHR,CDG,Ryanair,109.23,0
2024-05-15,2024-09-06,SYD,MEL,Qantas,185.4,1
2024-05-26,2024-09-18,JFK,LAX,United,426.0,0
2024-05-29,2024-09-10,LHR,CDG,Ryanair,129.48,0
2024-08-19,2024-09-18,LHR,CDG,Ryanair,198.49,0
2024-08-12,2024-09-07,BOM,DEL,Indigo,234.9,0
2024-03-26,2024-09-03,JFK,LAX,United,384.21,1
2024-08-22,2024-09-21,BOM,DEL,Indigo,336.74,0
2024-07-11,2024-09-10,SYD,MEL,Qantas,227.8,0
2024-07-10,2024-09-21,JFK,LAX,United,661.32,0
2024-08-27,2024-09-13,LHR,CDG,Ryanair,246.88,0
2024-06-24,2024-09-13,BOM,DEL,Indigo,192.44,0
2024-04-23,2024-09-20,BOM,DEL,Indigo,114.32,1
2024-08-20,2024-09-02,LHR,CDG,Ryanair,302.04,0
2024-05-20,2024-09-10,JFK,LAX,United,447.51,0
2024-08-18,2024-08-31,BOM,DEL,Indigo,434.92,0
2024-06-07,2024-08-27,SYD,MEL,Qantas,209.82,0
2024-04-17,2024-08-29,JFK,LAX,Delta,525.05,0
2024-05-07,2024-08-25,JFK,LAX,Delta,633.27,0
2024-03-12,2024-08-27,LHR,CDG,Ryanair,74.39,0
2024-07-26,2024-09-22,JFK,LAX,Delta,528.05,0
2024-06-01,2024-09-16,LHR,CDG,Ryanair,172.13,1
2024-07-07,2024-09-21,JFK,LAX,Delta,626.21,0
2024-03-16,2024-09-08,SYD,MEL,Qantas,169.49,0
2024-05-31,2024-08-29,JFK,LAX,United,559.12,1
2024-04-02,2024-09-22,BOM,DEL,Indigo,411.83,0
2024-05-24,2024-09-05,LHR,CDG,Ryanair,149.8,0
2024-05-18,2024-09-22,JFK,LAX,United,488.73,0
2024-08-08,2024-09-05,SYD,MEL,Qantas,326.54,0
2024-06-19,2024-09-27,JFK,LAX,Delta,468.65,0
2024-08-18,2024-09-04,LHR,CDG,Ryanair,216.49,0
2024-06-01,2024-09-21,SYD,MEL,Qantas,307.56,0
2024-08-01,2024-09-10,BOM,DEL,Indigo,148.19,0
2024-08-20,2024-09-02,JFK,LAX,United,618.29,0
2024-04-20,2024-08-24,BOM,DEL,Indigo,171.39,0
2024-08-16,2024-08-26,LHR,CDG,Ryanair,242.91,0
2024-07-07,2024-08-29,SYD,MEL,Qantas,324.87,0
2024-07-01,2024-09-20,JFK,LAX,United,514.0,0
2024-07-16,2024-09-14,LHR,CDG,Ryanair,261.33,0
2024-06-11,2024-08-31,SYD,MEL,Qantas,437.82,0
2024-08-18,2024-09-14,JFK,LAX,United,625.95,0
2024-03-30,2024-09-17,SYD,MEL,Qantas,137.09,0
2024-04-04,2024-09-19,LHR,CDG,Ryanair,53.7,1
2024-07-20,2024-08-28,BOM,DEL,Indigo,239.97,0
2024-05-11,2024-09-10,JFK,LAX,Delta,429.37,0
2024-08-16,2024-09-20,LHR,CDG,Ryanair,276.06,1
2024-03-18,2024-09-01,BOM,DEL,Indigo,108.02,0
2024-06-11,2024-09-04,BOM,DEL,Indigo,136.41,0
2024-09-05,2024-09-13,JFK,LAX,United,786.31,0
2024-08-18,2024-08-27,JFK,LAX,United,708.03,0
2024-07-19,2024-08-28,JFK,LAX,Delta,546.58,0
2024-06-05,2024-09-19,JFK,LAX,United,510.26,0
2024-03-16,2024-09-09,LHR,CDG,Ryanair,77.77,0
2024-07-07,2024-08-25,LHR,CDG,Ryanair,249.21,0
2024-04-14,2024-08-30,BOM,DEL,Indigo,159.89,0
2024-04-20,2024-09-18,SYD,MEL,Qantas,122.26,0
2024-04-08,2024-09-26,SYD,MEL,Qantas,201.96,0
2024-05-15,2024-09-01,JFK,LAX,United,570.03,1
2024-04-20,2024-09-25,JFK,LAX,United,418.32,0
2024-07-24,2024-09-04,JFK,LAX,United,619.81,0
2024-09-02,2024-09-15,LHR,CDG,Ryanair,292.59,0
2024-08-24,2024-09-08,JFK,LAX,United,838.98,0
2024-07-09,2024-09-18,JFK,LAX,Delta,432.29,1
2024-06-05,2024-09-24,JFK,LAX,United,397.89,0
2024-06-28,2024-09-12,BOM,DEL,Indigo,145.98,1
2024-09-07,2024-09-24,BOM,DEL,Indigo,215.06,0
2024-09-17,2024-09-20,SYD,MEL,Qantas,528.5,1
2024-05-03,2024-09-09,JFK,LAX,Delta,478.18,1
2024-04-20,2024-08-25,SYD,MEL,Qantas,276.44,1
2024-05-26,2024-09-11,SYD,MEL,Qantas,174.86,1
2024-07-02,2024-09-07,LHR,CDG,Ryanair,188.37,0
2024-06-16,2024-10-09,LHR,CDG,Ryanair,223.06,0
2024-08-22,2024-10-24,BOM,DEL,Indigo,177.92,0
2024-05-17,2024-10-04,SYD,MEL,Qantas,269.4,0
2024-10-10,2024-10-29,SYD,MEL,Qantas,327.91,0
2024-07-11,2024-10-12,SYD,MEL,Qantas,270.97,1
2024-08-17,2024-10-23,SYD,MEL,Qantas,254.16,1
2024-10-07,2024-10-11,BOM,DEL,Indigo,385.99,0
2024-07-01,2024-10-22,JFK,LAX,Delta,459.16,0
2024-07-24,2024-09-28,SYD,MEL,Qantas,1646.29,0
2024-07-17,2024-10-18,SYD,MEL,Qantas,315.23,0
2024-07-26,2024-10-19,JFK,LAX,United,582.1,0
2024-09-29,2024-10-15,BOM,DEL,Indigo,250.08,0
2024-05-06,2024-10-26,LHR,CDG,Ryanair,100.4,0
2024-06-05,2024-10-01,LHR,CDG,Ryanair,130.73,0
2024-08-28,2024-10-09,JFK,LAX,United,554.54,0
2024-09-29,2024-10-22,SYD,MEL,Qantas,326.9,1
2024-05-08,2024-09-29,JFK,LAX,United,523.79,0
2024-09-13,2024-10-15,LHR,CDG,Ryanair,193.41,0
2024-05-28,2024-10-19,LHR,CDG,Ryanair,136.77,0
2024-04-27,2024-10-23,LHR,CDG,Ryanair,135.7,0
2024-08-14,2024-10-07,JFK,LAX,Delta,487.95,1
2024-09-02,2024-10-25,JFK,LAX,Delta,563.28,0
2024-10-05,2024-10-30,BOM,DEL,Indigo,244.38,0
2024-04-15,2024-09-29,LHR,CDG,Ryanair,127.59,0
2024-09-20,2024-10-02,SYD,MEL,Qantas,390.99,0
2024-08-05,2024-10-21,SYD,MEL,Qantas,237.31,1
2024-08-28,2024-10-03,BOM,DEL,Indigo,228.06,1
2024-09-28,2024-10-16,BOM,DEL,Indigo,234.9,0
2024-09-22,2024-10-25,BOM,DEL,Indigo,280.59,0
2024-08-23,2024-10-11,SYD,MEL,Qantas,249.07,0
2024-08-01,2024-10-27,LHR,CDG,Ryanair,214.34,0
2024-07-07,2024-09-27,BOM,DEL,Indigo,247.17,0
2024-09-02,2024-10-26,JFK,LAX,United,694.22,0
2024-08-24,2024-10-27,JFK,LAX,Delta,647.15,0
2024-04-22,2024-09-28,LHR,CDG,Ryanair,50.0,0
2024-09-13,2024-10-12,LHR,CDG,Ryanair,298.89,0
2024-05-03,2024-10-07,BOM,DEL,Indigo,84.56,1
2024-08-12,2024-10-05,LHR,CDG,Ryanair,260.52,0
2024-05-08,2024-10-04,BOM,DEL,Indigo,185.19,0
2024-05-21,2024-10-17,SYD,MEL,Qantas,136.63,0
2024-07-22,2024-10-24,JFK,LAX,Delta,530.04,0
2024-10-04,2024-10-29,JFK,LAX,Delta,493.48,1
2024-09-06,2024-10-21,LHR,CDG,Ryanair,216.18,1
2024-06-24,2024-10-25,SYD,MEL,Qantas,233.62,0
2024-06-16,2024-10-28,JFK,LAX,Delta,387.2,0
2024-07-05,2024-09-28,BOM,DEL,Indigo,181.47,0
2024-09-19,2024-10-08,BOM,DEL,Indigo,258.8,0
2024-07-28,2024-10-27,BOM,DEL,Indigo,161.04,0
2024-06-02,2024-10-07,LHR,CDG,Ryanair,96.56,0
2024-04-30,2024-10-19,JFK,LAX,Delta,481.06,0
2024-08-02,2024-10-28,BOM,DEL,Indigo,182.82,0
2024-07-22,2024-10-29,BOM,DEL,Indigo,144.76,0
2024-08-27,2024-10-13,JFK,LAX,United,691.68,0
2024-04-28,2024-10-08,JFK,LAX,Delta,366.19,0
2024-07-11,2024-10-03,JFK,LAX,Delta,516.72,0
2024-08-12,2024-09-30,BOM,DEL,Indigo,210.22,0
2024-08-07,2024-10-20,JFK,LAX,Delta,618.21,0
2024-06-22,2024-10-26,JFK,LAX,Delta,665.82,0
2024-08-15,2024-09-28,JFK,LAX,Delta,571.73,0
2024-07-10,2024-10-05,JFK,LAX,Delta,508.55,0
2024-09-10,2024-10-15,JFK,LAX,Delta,495.51,0
2024-06-11,2024-10-05,BOM,DEL,Indigo,205.59,0
2024-09-30,2024-10-28,SYD,MEL,Qantas,307.91,0
2024-04-29,2024-10-11,JFK,LAX,United,564.28,0
2024-07-08,2024-10-17,LHR,CDG,Ryanair,175.07,0
2024-04-17,2024-09-30,SYD,MEL,Qantas,203.47,0
2024-10-10,2024-10-22,BOM,DEL,Indigo,282.77,0
2024-09-19,2024-10-09,BOM,DEL,Indigo,255.04,0
2024-04-30,2024-10-13,LHR,CDG,Ryanair,50.0,0
2024-08-23,2024-10-14,JFK,LAX,United,465.34,0
2024-07-02,2024-09-27,SYD,MEL,Qantas,235.06,0
2024-06-23,2024-10-18,JFK,LAX,Delta,498.49,0
2024-10-21,2024-10-22,JFK,LAX,United,790.44,0
2024-08-25,2024-10-14,JFK,LAX,Delta,462.26,0
2024-08-31,2024-10-09,SYD,MEL,Qantas,262.67,0
2024-04-22,2024-10-12,JFK,LAX,Delta,472.98,0
2024-09-29,2024-10-24,JFK,LAX,United,589.54,0
2024-09-09,2024-10-24,LHR,CDG,Ryanair,174.0,0
2024-06-13,2024-10-11,JFK,LAX,Delta,503.03,1
2024-10-10,2024-10-19,SYD,MEL,Qantas,438.64,0
2024-07-10,2024-09-27,LHR,CDG,Ryanair,219.5,0
2024-07-20,2024-09-29,SYD,MEL,Qantas,338.85,0
2024-04-23,2024-10-16,JFK,LAX,Delta,394.09,0
2024-05-05,2024-10-23,JFK,LAX,Delta,412.71,0
2024-10-12,2024-10-21,BOM,DEL,Indigo,366.57,0
2024-06-05,2024-10-30,LHR,CDG,Ryanair,125.47,0
2024-07-13,2024-10-01,SYD,MEL,Qantas,235.42,1
2024-05-18,2024-10-17,JFK,LAX,United,447.61,0
2024-07-24,2024-10-13,BOM,DEL,Indigo,166.63,1
2024-06-30,2024-10-07,JFK,LAX,United,399.12,1
2024-07-15,2024-10-11,LHR,CDG,Ryanair,166.85,1
2024-06-29,2024-10-06,JFK,LAX,Delta,549.64,0
2024-06-14,2024-10-15,JFK,LAX,United,451.63,0
2024-08-19,2024-10-10,SYD,MEL,Qantas,1447.5,0
2024-07-17,2024-10-03,JFK,LAX,United,600.47,0
2024-05-14,2024-10-03,LHR,CDG,Ryanair,152.81,0
2024-05-30,2024-10-24,SYD,MEL,Qantas,255.89,1
2024-04-16,2024-10-06,LHR,CDG,Ryanair,116.62,1
2024-08-22,2024-10-05,JFK,LAX,United,636.11,1
2024-09-25,2024-10-30,JFK,LAX,Delta,574.65,1
2024-06-19,2024-10-10,BOM,DEL,Indigo,201.46,0
2024-06-30,2024-10-04,JFK,LAX,Delta,552.5,0
2024-08-12,2024-10-31,JFK,LAX,Delta,640.56,0
2024-06-16,2024-10-01,BOM,DEL,Indigo,112.17,0
2024-09-13,2024-10-28,LHR,CDG,Ryanair,185.45,0
2024-07-15,2024-10-06,JFK,LAX,United,600.13,0
2024-05-03,2024-10-17,BOM,DEL,Indigo,113.3,1
2024-05-27,2024-10-25,LHR,CDG,Ryanair,105.97,0
2024-05-03,2024-10-02,LHR,CDG,Ryanair,178.12,0
2024-10-04,2024-10-16,LHR,CDG,Ryanair,241.3,0
2024-06-04,2024-10-05,SYD,MEL,Qantas,264.04,0
2024-09-03,2024-09-30,LHR,CDG,Ryanair,225.6,0
2024-09-29,2024-10-07,SYD,MEL,Qantas,329.76,0
2024-07-29,2024-10-20,LHR,CDG,Ryanair,175.1,0
2024-07-11,2024-10-28,JFK,LAX,United,429.34,0
2024-09-14,2024-10-12,JFK,LAX,United,710.24,0
2024-08-21,2024-10-23,JFK,LAX,United,488.04,0
2024-06-11,2024-10-16,SYD,MEL,Qantas,183.8,1
2024-09-30,2024-10-18,JFK,LAX,United,756.25,0
2024-05-25,2024-10-02,BOM,DEL,Indigo,141.78,0
2024-09-06,2024-09-30,JFK,LAX,Delta,522.73,0
2024-04-27,2024-10-13,SYD,MEL,Qantas,180.08,0
2024-08-04,2024-10-20,SYD,MEL,Qantas,291.61,1
2024-06-22,2024-10-08,JFK,LAX,United,449.48,0
2024-06-14,2024-10-26,SYD,MEL,Qantas,235.73,0
2024-09-21,2024-10-29,JFK,LAX,United,451.88,0
2024-05-30,2024-10-30,JFK,LAX,United,503.97,0
2024-04-26,2024-10-14,BOM,DEL,Indigo,75.2,0
2024-06-06,2024-10-16,JFK,LAX,United,427.0,0
2024-06-27,2024-10-01,JFK,LAX,Delta,459.45,0
2024-06-05,2024-10-30,SYD,MEL,Qantas,209.51,0
2024-06-02,2024-09-29,BOM,DEL,Indigo,183.98,0
2024-06-20,2024-10-09,JFK,LAX,Delta,517.58,0
2024-10-04,2024-10-08,LHR,CDG,Ryanair,352.06,0
2024-04-19,2024-10-14,SYD,MEL,Qantas,179.08,1
2024-04-17,2024-10-02,JFK,LAX,Delta,341.67,0
2024-07-02,2024-10-18,BOM,DEL,Indigo,204.39,0
2024-09-11,2024-09-30,JFK,LAX,United,602.27,0
2024-08-11,2024-10-27,JFK,LAX,United,621.75,0
2024-09-11,2024-10-03,SYD,MEL,Qantas,412.34,1
2024-07-01,2024-10-22,LHR,CDG,Ryanair,88.62,0
2024-07-09,2024-10-06,BOM,DEL,Indigo,202.65,0
2024-09-29,2024-10-10,JFK,LAX,Delta,727.61,0
2024-05-29,2024-10-10,LHR,CDG,Ryanair,158.67,0
2024-05-08,2024-10-10,JFK,LAX,United,2317.2,0
2024-07-16,2024-10-01,JFK,LAX,United,484.82,0
2024-04-23,2024-10-19,BOM,DEL,Indigo,119.7,0
2024-05-01,2024-10-12,BOM,DEL,Indigo,98.8,0
2024-08-16,2024-10-23,BOM,DEL,Indigo,163.98,0
2024-05-06,2024-10-18,LHR,CDG,Ryanair,632.6,1
2024-07-22,2024-10-17,JFK,LAX,Delta,473.18,0
2024-09-21,2024-10-20,BOM,DEL,Indigo,254.56,0
2024-07-14,2024-10-08,SYD,MEL,Qantas,260.49,0
2024-06-25,2024-10-13,JFK,LAX,Delta,546.44,0
2024-09-04,2024-10-25,JFK,LAX,United,678.72,0
2024-10-10,2024-10-14,LHR,CDG,Ryanair,290.55,0
2024-09-14,2024-10-15,SYD,MEL,Qantas,247.93,1
2024-06-11,2024-10-21,JFK,LAX,United,410.77,0
2024-08-02,2024-10-26,BOM,DEL,Indigo,182.19,0
2024-08-17,2024-09-28,JFK,LAX,United,626.14,0
2024-07-02,2024-10-06,SYD,MEL,Qantas,179.39,0
2024-06-17,2024-10-04,LHR,CDG,Ryanair,249.76,0
2024-05-14,2024-09-29,JFK,LAX,Delta,452.74,0
2024-08-15,2024-10-21,JFK,LAX,Delta,525.32,0
2024-06-20,2024-10-20,JFK,LAX,United,600.55,0
2024-06-06,2024-11-06,SYD,MEL,Qantas,150.55,0
2024-06-25,2024-11-29,JFK,LAX,Delta,404.43,0
2024-10-16,2024-11-01,BOM,DEL,Indigo,280.96,0
2024-09-17,2024-11-12,JFK,LAX,United,467.82,0
2024-07-31,2024-11-18,JFK,LAX,Delta,391.16,0
2024-08-20,2024-11-10,LHR,CDG,Ryanair,215.81,0
2024-09-01,2024-11-10,BOM,DEL,Indigo,183.05,0
2024-09-13,2024-11-30,LHR,CDG,Ryanair,171.17,0
2024-07-30,2024-11-02,LHR,CDG,Ryanair,185.36,0
2024-08-24,2024-11-07,LHR,CDG,Ryanair,129.34,1
2024-10-17,2024-11-10,JFK,LAX,United,658.57,0
2024-09-12,2024-11-29,BOM,DEL,Indigo,229.15,0
2024-07-30,2024-12-01,JFK,LAX,Delta,527.79,0
2024-07-02,2024-11-25,SYD,MEL,Qantas,199.48,1
2024-06-27,2024-11-26,JFK,LAX,Delta,348.1,0
2024-06-02,2024-11-26,LHR,CDG,Ryanair,149.54,0
2024-07-10,2024-11-14,BOM,DEL,Indigo,151.98,0
2024-07-08,2024-11-20,BOM,DEL,Indigo,104.15,0
2024-07-18,2024-11-29,JFK,LAX,United,416.83,0
2024-07-05,2024-11-09,LHR,CDG,Ryanair,203.57,0
2024-10-14,2024-11-15,JFK,LAX,Delta,516.14,0
2024-06-01,2024-11-19,JFK,LAX,United,373.14,0
2024-06-12,2024-11-12,JFK,LAX,Delta,360.38,0
2024-09-23,2024-11-30,JFK,LAX,Delta,495.52,1
2024-10-10,2024-10-31,LHR,CDG,Ryanair,393.16,0
2024-09-22,2024-11-22,LHR,CDG,Ryanair,217.25,0
2024-08-18,2024-11-06,JFK,LAX,United,430.66,0
2024-06-01,2024-11-14,LHR,CDG,Ryanair,115.27,0
2024-10-07,2024-11-15,BOM,DEL,Indigo,227.29,0
2024-09-27,2024-11-21,JFK,LAX,United,482.63,0
2024-08-20,2024-11-12,LHR,CDG,Ryanair,169.91,0
2024-10-10,2024-12-02,BOM,DEL,Indigo,256.83,0
2024-07-25,2024-12-03,JFK,LAX,Delta,446.73,0
2024-05-27,2024-11-13,SYD,MEL,Qantas,99.39,0
2024-08-29,2024-11-27,JFK,LAX,Delta,419.57,1
2024-09-17,2024-11-05,SYD,MEL,Qantas,278.61,0
2024-07-28,2024-11-04,BOM,DEL,Indigo,146.9,0
2024-06-06,2024-11-23,JFK,LAX,United,463.72,0
2024-09-02,2024-11-19,BOM,DEL,Indigo,206.17,0
2024-06-27,2024-11-20,LHR,CDG,Ryanair,93.02,1
2024-06-05,2024-11-21,SYD,MEL,Qantas,181.23,0
2024-09-25,2024-11-06,LHR,CDG,Ryanair,193.11,1
2024-11-03,2024-11-28,SYD,MEL,Qantas,372.59,0
2024-10-01,2024-11-05,LHR,CDG,Ryanair,190.93,0
2024-09-01,2024-11-16,SYD,MEL,Qantas,214.57,0
2024-09-22,2024-12-02,LHR,CDG,Ryanair,238.4,0
2024-05-08,2024-11-03,SYD,MEL,Qantas,154.36,1
2024-07-18,2024-11-06,JFK,LAX,Delta,430.36,0
2024-05-17,2024-11-07,JFK,LAX,Delta,2081.04,0
2024-08-01,2024-11-15,JFK,LAX,United,509.33,0
2024-09-12,2024-11-22,BOM,DEL,Indigo,157.71,0
2024-11-05,2024-11-14,JFK,LAX,Delta,605.42,0
2024-06-10,2024-11-19,LHR,CDG,Ryanair,92.16,0
2024-09-13,2024-11-21,JFK,LAX,Delta,484.51,0
2024-11-08,2024-11-25,LHR,CDG,Ryanair,201.64,0
2024-09-05,2024-11-13,LHR,CDG,Ryanair,113.96,0
2024-09-21,2024-11-10,SYD,MEL,Qantas,246.52,0
2024-06-27,2024-11-30,BOM,DEL,Indigo,73.19,0
2024-09-04,2024-11-03,BOM,DEL,Indigo,216.97,0
2024-09-25,2024-11-11,JFK,LAX,Delta,453.77,1
2024-08-10,2024-11-26,BOM,DEL,Indigo,134.37,0
2024-08-05,2024-11-25,BOM,DEL,Indigo,185.17,0
2024-06-26,2024-11-27,JFK,LAX,United,409.29,0
2024-09-22,2024-12-03,BOM,DEL,Indigo,216.09,1
2024-06-01,2024-11-17,LHR,CDG,Ryanair,569.74,0
2024-07-03,2024-11-20,JFK,LAX,Delta,409.92,0
2024-07-25,2024-11-15,LHR,CDG,Ryanair,148.79,0
2024-10-27,2024-11-06,BOM,DEL,Indigo,249.81,0
2024-10-12,2024-11-07,JFK,LAX,United,568.58,0
2024-10-28,2024-11-13,BOM,DEL,Indigo,253.03,0
2024-08-21,2024-11-07,BOM,DEL,Indigo,159.51,0
2024-08-28,2024-11-08,JFK,LAX,Delta,492.07,0
2024-10-24,2024-11-20,SYD,MEL,Qantas,295.55,0
2024-05-12,2024-11-05,BOM,DEL,Indigo,124.21,0
2024-07-07,2024-11-12,SYD,MEL,Qantas,145.03,0
2024-07-05,2024-11-14,SYD,MEL,Qantas,111.22,0
2024-10-24,2024-11-02,BOM,DEL,Indigo,272.17,0
2024-07-27,2024-11-08,SYD,MEL,Qantas,235.61,0
2024-06-17,2024-11-22,SYD,MEL,Qantas,167.68,0
2024-11-09,2024-11-26,JFK,LAX,United,560.96,0
2024-11-10,2024-11-11,BOM,DEL,Indigo,240.12,0
2024-11-11,2024-12-01,JFK,LAX,United,873.35,0
2024-10-22,2024-11-02,SYD,MEL,Qantas,359.78,1
2024-07-27,2024-11-25,JFK,LAX,United,415.18,0
2024-10-04,2024-11-08,BOM,DEL,Indigo,239.88,1
2024-07-21,2024-11-10,JFK,LAX,Delta,478.61,1
2024-10-16,2024-11-27,BOM,DEL,Indigo,133.77,0
2024-10-18,2024-11-17,JFK,LAX,United,664.29,0
2024-09-25,2024-11-16,LHR,CDG,Ryanair,188.57,0
2024-09-27,2024-11-03,JFK,LAX,United,619.68,0
2024-08-07,2024-11-04,JFK,LAX,Delta,393.38,0
2024-07-16,2024-11-23,SYD,MEL,Qantas,223.97,0
2024-09-14,2024-12-01,BOM,DEL,Indigo,173.14,0
2024-09-25,2024-11-27,SYD,MEL,Qantas,255.74,0
2024-11-07,2024-11-16,BOM,DEL,Indigo,322.48,0
2024-09-11,2024-11-24,LHR,CDG,Ryanair,161.39,0
2024-07-31,2024-12-03,SYD,MEL,Qantas,151.31,0
2024-06-14,2024-11-05,JFK,LAX,United,376.94,0
2024-07-15,2024-11-09,JFK,LAX,United,471.27,0
2024-06-28,2024-10-31,JFK,LAX,United,594.87,0
2024-05-31,2024-11-01,LHR,CDG,Ryanair,113.51,1
2024-06-05,2024-11-11,SYD,MEL,Qantas,148.11,0
2024-07-18,2024-11-11,LHR,CDG,Ryanair,164.92,0
2024-05-17,2024-11-09,BOM,DEL,Indigo,114.38,0
2024-09-29,2024-11-25,JFK,LAX,Delta,398.87,0
2024-10-13,2024-11-28,LHR,CDG,Ryanair,186.99,0
2024-10-27,2024-11-01,SYD,MEL,Qantas,312.16,0
2024-06-21,2024-11-23,BOM,DEL,Indigo,111.52,0
2024-06-09,2024-11-24,SYD,MEL,Qantas,180.52,0
2024-10-10,2024-11-28,JFK,LAX,Delta,497.96,0
2024-10-17,2024-11-01,JFK,LAX,United,730.47,0
2024-10-14,2024-11-24,BOM,DEL,Indigo,278.9,0
2024-09-27,2024-11-28,BOM,DEL,Indigo,195.76,0
2024-10-27,2024-11-12,BOM,DEL,Indigo,208.87,1
2024-06-05,2024-11-14,JFK,LAX,United,421.54,0
2024-09-18,2024-11-17,JFK,LAX,Delta,516.5,0
2024-06-15,2024-11-30,SYD,MEL,Qantas,224.94,0
2024-08-02,2024-11-09,SYD,MEL,Qantas,248.96,0
2024-11-02,2024-11-18,BOM,DEL,Indigo,181.69,0
2024-09-18,2024-11-18,SYD,MEL,Qantas,179.06,0
2024-10-21,2024-10-31,SYD,MEL,Qantas,390.91,0
2024-10-17,2024-11-17,BOM,DEL,Indigo,283.11,1
2024-09-08,2024-11-26,SYD,MEL,Qantas,170.53,1
2024-09-27,2024-11-29,SYD,MEL,Qantas,243.37,0
2024-10-22,2024-11-23,LHR,CDG,Ryanair,234.04,0
2024-08-11,2024-11-19,JFK,LAX,Delta,458.7,1
2024-11-10,2024-12-03,JFK,LAX,United,600.0,0
2024-10-15,2024-12-02,SYD,MEL,Qantas,299.69,0
2024-10-10,2024-11-17,SYD,MEL,Qantas,261.27,0
2024-09-10,2024-11-23,JFK,LAX,Delta,552.06,1
2024-07-19,2024-11-27,LHR,CDG,Ryanair,606.75,0
2024-11-02,2024-11-24,JFK,LAX,United,731.02,0
2024-07-06,2024-11-03,JFK,LAX,Delta,435.56,0
2024-07-10,2024-11-22,JFK,LAX,United,478.94,0
2024-07-16,2024-11-02,JFK,LAX,United,472.93,0
2024-05-25,2024-11-19,SYD,MEL,Qantas,112.14,0
2024-07-20,2024-12-01,SYD,MEL,Qantas,285.7,0
2024-09-09,2024-11-16,JFK,LAX,United,525.3,1
2024-09-12,2024-11-22,JFK,LAX,Delta,526.81,0
2024-08-05,2024-11-11,JFK,LAX,United,370.31,0
2024-09-22,2024-11-18,JFK,LAX,United,420.27,0
2024-08-24,2024-12-02,JFK,LAX,Delta,480.2,0
2024-09-22,2024-10-31,BOM,DEL,Indigo,219.51,0
2024-11-16,2024-12-03,LHR,CDG,Ryanair,264.26,0
2024-06-26,2024-11-03,LHR,CDG,Ryanair,112.02,0
2024-07-06,2024-11-13,JFK,LAX,Delta,345.98,1
2024-06-09,2024-11-02,JFK,LAX,Delta,467.92,0
2024-07-05,2024-11-04,LHR,CDG,Ryanair,88.41,0
2024-05-30,2024-11-13,JFK,LAX,United,416.35,1
2024-10-14,2024-11-18,LHR,CDG,Ryanair,181.94,0
2024-07-27,2024-11-07,SYD,MEL,Qantas,204.08,0
2024-07-09,2024-11-09,JFK,LAX,Delta,474.44,0
2024-08-07,2024-12-02,JFK,LAX,United,463.6,0
2024-10-16,2024-11-15,SYD,MEL,Qantas,315.01,0
2024-06-29,2024-11-01,JFK,LAX,Delta,488.99,0
2024-09-04,2024-11-21,LHR,CDG,Ryanair,212.12,0
2024-08-02,2024-11-24,JFK,LAX,Delta,480.31,0
2024-10-17,2024-11-30,JFK,LAX,United,479.63,0
2024-09-26,2024-12-01,LHR,CDG,Ryanair,320.29,1
2024-08-03,2024-11-28,JFK,LAX,United,471.44,0
2024-09-23,2024-11-20,JFK,LAX,United,453.91,0
2024-06-27,2024-11-04,JFK,LAX,United,404.05,1
2024-10-17,2024-11-29,LHR,CDG,Ryanair,216.74,0
2024-07-02,2024-11-05,JFK,LAX,Delta,351.51,0
2024-08-29,2024-11-08,JFK,LAX,United,527.48,0
2024-07-09,2024-11-04,SYD,MEL,Qantas,200.11,0
2024-09-19,2024-11-16,JFK,LAX,Delta,554.81,0
2024-07-02,2024-11-08,LHR,CDG,Ryanair,98.49,0
2024-10-17,2024-11-21,BOM,DEL,Indigo,171.83,0
2024-09-20,2024-12-14,JFK,LAX,United,593.13,0
2024-12-11,2024-12-16,JFK,LAX,United,765.68,0
2024-10-24,2024-12-19,SYD,MEL,Qantas,304.31,0
2024-10-25,2024-12-26,JFK,LAX,Delta,662.2,1
2024-08-31,2024-12-26,JFK,LAX,United,568.96,1
2024-11-09,2024-12-21,LHR,CDG,Ryanair,244.89,0
2024-11-17,2024-12-15,JFK,LAX,Delta,771.02,0
2024-06-29,2024-12-10,LHR,CDG,Ryanair,51.66,0
2024-10-26,2024-12-16,JFK,LAX,Delta,467.7,0
2024-11-26,2024-12-06,JFK,LAX,Delta,802.04,0
2024-07-29,2024-12-19,LHR,CDG,Ryanair,191.87,0
2024-09-14,2024-12-31,JFK,LAX,Delta,487.87,1
2024-07-28,2024-12-27,LHR,CDG,Ryanair,70.97,0
2024-07-26,2024-12-07,LHR,CDG,Ryanair,162.9,0
2023-12-19,2024-02-29,BOM,DEL,Indigo,185.8,0
2024-07-14,2024-12-19,BOM,DEL,Indigo,109.22,0
2024-06-16,2024-12-10,JFK,LAX,United,407.63,1
2024-11-03,2024-12-22,JFK,LAX,United,699.93,0
2024-09-10,2024-12-28,JFK,LAX,Delta,518.5,0
2024-09-14,2024-12-31,JFK,LAX,Delta,471.35,1
2024-11-10,2024-12-23,JFK,LAX,Delta,464.59,0
2024-09-19,2024-12-27,JFK,LAX,Delta,551.11,0
2024-08-23,2024-12-23,JFK,LAX,United,478.56,1
2024-11-04,2024-12-28,SYD,MEL,Qantas,345.71,0
2024-09-29,2024-12-10,JFK,LAX,Delta,508.95,0
2024-10-28,2024-12-24,JFK,LAX,Delta,449.71,1
2024-08-09,2024-12-29,BOM,DEL,Indigo,198.71,1
2024-04-30,2024-07-31,SYD,MEL,Qantas,293.84,0
2024-10-29,2024-12-19,JFK,LAX,Delta,540.1,0
2024-06-18,2024-12-04,LHR,CDG,Ryanair,132.48,0
2024-09-30,2024-12-12,SYD,MEL,Qantas,327.43,0
2024-12-02,2024-12-23,BOM,DEL,Indigo,298.79,0
2024-10-16,2024-12-16,SYD,MEL,Qantas,286.19,0
2024-07-17,2024-12-27,BOM,DEL,Indigo,67.5,0
2024-08-20,2024-12-27,JFK,LAX,United,554.17,0
2023-09-16,2024-02-25,BOM,DEL,Indigo,124.81,0
2023-11-22,2024-04-03,BOM,DEL,Indigo,166.59,0
2024-08-18,2024-12-17,JFK,LAX,Delta,518.08,0
2024-11-07,2024-12-11,JFK,LAX,United,570.03,1
2024-08-14,2024-12-18,SYD,MEL,Qantas,215.68,1
2024-10-30,2024-12-18,BOM,DEL,Indigo,165.85,0
2024-07-29,2024-12-29,SYD,MEL,Qantas,215.42,1
2023-10-18,2024-03-26,JFK,LAX,Delta,362.21,0
2024-07-28,2024-12-05,JFK,LAX,United,567.29,0
2024-09-06,2024-12-16,BOM,DEL,Indigo,105.53,0
2024-07-30,2024-12-12,LHR,CDG,Ryanair,148.66,0
2024-10-29,2024-12-10,BOM,DEL,Indigo,229.61,0
2024-06-30,2024-12-17,BOM,DEL,Indigo,91.44,0
2024-03-27,2024-03-31,JFK,LAX,Delta,818.51,0
2024-10-13,2024-12-23,LHR,CDG,Ryanair,127.04,0
2024-10-14,2024-12-31,SYD,MEL,Qantas,272.28,0
2024-04-05,2024-06-19,JFK,LAX,United,540.29,0
2024-11-20,2024-12-04,JFK,LAX,Delta,761.97,0
2024-07-31,2024-12-05,BOM,DEL,Indigo,148.32,0
2024-07-26,2024-12-20,BOM,DEL,Indigo,63.33,0
2024-10-31,2024-12-14,BOM,DEL,Indigo,307.84,0
2024-07-05,2024-12-30,SYD,MEL,Qantas,216.93,0
2024-09-14,2024-12-05,JFK,LAX,Delta,640.19,0
2024-07-27,2024-12-20,SYD,MEL,Qantas,228.4,0
2024-08-04,2024-12-14,JFK,LAX,Delta,593.77,0
2024-10-30,2024-12-24,BOM,DEL,Indigo,176.79,0
2024-01-28,2024-02-29,JFK,LAX,United,513.55,0
2024-10-30,2024-12-26,SYD,MEL,Qantas,243.31,1
2024-07-05,2024-12-24,SYD,MEL,Qantas,166.48,1
2023-12-18,2024-01-02,BOM,DEL,Indigo,331.66,0
2024-10-18,2024-12-15,LHR,CDG,Ryanair,198.63,0
2024-07-10,2024-12-13,BOM,DEL,Indigo,109.92,0
2024-02-27,2024-05-07,JFK,LAX,Delta,436.02,1
2024-09-21,2024-11-10,SYD,MEL,Qantas,252.58,0
2023-10-14,2024-01-08,BOM,DEL,Indigo,188.97,0
2024-06-24,2024-12-07,JFK,LAX,Delta,564.44,0
2024-07-11,2024-08-26,JFK,LAX,United,545.92,0
2024-12-02,2024-12-21,JFK,LAX,Delta,662.34,0
2024-07-28,2024-12-22,BOM,DEL,Indigo,166.59,0
2024-07-14,2024-12-22,SYD,MEL,Qantas,240.59,0
2024-11-05,2024-12-30,JFK,LAX,United,530.76,0
2024-11-21,2024-12-09,LHR,CDG,Ryanair,234.19,0
2024-08-26,2024-12-12,JFK,LAX,Delta,515.51,0
2024-03-05,2024-08-02,BOM,DEL,Indigo,80.06,0
2024-11-22,2024-12-06,LHR,CDG,Ryanair,369.8,0
2024-10-17,2024-12-06,BOM,DEL,Indigo,294.83,0
2024-11-14,2024-12-24,LHR,CDG,Ryanair,201.63,0
2024-09-15,2024-12-30,BOM,DEL,Indigo,141.71,0
2024-11-28,2024-12-11,BOM,DEL,Indigo,271.63,0
2024-09-26,2024-12-11,SYD,MEL,Qantas,265.27,1
2024-09-04,2024-12-14,SYD,MEL,Qantas,183.17,0
2024-04-23,2024-10-16,JFK,LAX,Delta,443.52,0
2024-09-01,2024-12-15,SYD,MEL,Qantas,258.49,0
2024-08-07,2024-12-04,JFK,LAX,United,465.6,0
2024-08-27,2024-12-15,JFK,LAX,United,644.91,0
2024-09-19,2024-12-13,SYD,MEL,Qantas,364.99,0
2023-12-22,2024-01-26,BOM,DEL,Indigo,287.85,0
2024-05-08,2024-09-17,JFK,LAX,United,413.54,0
2024-10-30,2024-12-07,BOM,DEL,Indigo,244.44,1
2024-08-03,2024-12-05,SYD,MEL,Qantas,185.48,0
2024-10-14,2024-12-22,LHR,CDG,Ryanair,241.33,0
2024-10-24,2024-12-07,JFK,LAX,United,751.11,0
2024-08-02,2024-12-05,LHR,CDG,Ryanair,127.69,0
2024-07-03,2024-12-25,SYD,MEL,Qantas,247.1,0
2024-07-05,2024-09-28,BOM,DEL,Indigo,184.75,0
2024-07-22,2024-12-20,JFK,LAX,United,584.5,1
2024-08-04,2024-12-28,LHR,CDG,Ryanair,207.35,1
2024-10-26,2024-12-16,LHR,CDG,Ryanair,163.66,0
2024-12-02,2024-12-23,SYD,MEL,Qantas,355.87,0
2024-11-08,2024-12-09,JFK,LAX,United,566.41,0
2024-06-22,2024-12-17,LHR,CDG,Ryanair,183.46,0
2024-10-12,2024-12-08,JFK,LAX,United,572.48,0
2024-10-07,2024-12-28,BOM,DEL,Indigo,297.93,1
2024-08-28,2024-11-08,JFK,LAX,Delta,477.51,0
2024-11-12,2024-12-08,SYD,MEL,Qantas,460.65,0
2024-12-06,2024-12-11,LHR,CDG,Ryanair,313.07,0
2024-06-27,2024-12-12,BOM,DEL,Indigo,147.87,0
2024-06-25,2024-12-19,JFK,LAX,United,560.76,0
2024-08-14,2024-12-29,JFK,LAX,United,518.25,1
2024-12-10,2024-12-12,JFK,LAX,United,919.67,0
2024-11-16,2024-12-31,BOM,DEL,Indigo,189.27,0
2024-10-03,2024-12-30,LHR,CDG,Ryanair,180.59,0
2024-08-08,2024-12-13,LHR,CDG,Ryanair,130.07,0
2024-08-22,2024-12-06,JFK,LAX,United,646.26,0
2024-07-16,2024-12-04,SYD,MEL,Qantas,244.28,1
2024-09-19,2024-12-18,JFK,LAX,United,593.36,0
2024-06-15,2024-08-30,SYD,MEL,Qantas,367.21,0
2024-10-21,2024-12-08,LHR,CDG,Ryanair,217.29,0
2024-08-05,2024-12-09,JFK,LAX,Delta,452.72,0
2024-10-06,2024-12-26,LHR,CDG,Ryanair,184.68,0
2024-11-30,2024-12-17,SYD,MEL,Qantas,302.81,0
2024-09-18,2024-12-18,JFK,LAX,Delta,564.91,0
2024-10-23,2024-12-27,SYD,MEL,Qantas,365.9,0
2024-11-24,2024-12-29,LHR,CDG,Ryanair,281.07,0
2024-11-06,2024-12-20,JFK,LAX,Delta,660.53,0
2023-11-13,2024-01-26,JFK,LAX,United,605.09,0
2023-12-31,2024-06-13,SYD,MEL,Qantas,184.23,1
2024-07-28,2024-12-05,JFK,LAX,United,513.24,0
2024-09-03,2024-12-17,JFK,LAX,United,485.55,0
2024-11-03,2024-12-15,BOM,DEL,Indigo,355.26,0
2024-06-25,2024-12-21,SYD,MEL,Qantas,190.49,0
2024-08-12,2024-12-25,LHR,CDG,Ryanair,213.63,0
2024-09-30,2024-12-13,JFK,LAX,Delta,551.66,0
2024-11-10,2024-12-18,LHR,CDG,Ryanair,244.2,0
2024-07-07,2024-09-27,BOM,DEL,Indigo,223.92,0
2024-10-21,2024-12-31,JFK,LAX,United,531.84,0
2024-09-07,2024-12-10,SYD,MEL,Qantas,274.47,0
2024-08-24,2024-10-27,JFK,LAX,Delta,666.28,0
2024-11-16,2024-12-06,SYD,MEL,Qantas,408.32,0
2024-06-27,2024-12-13,JFK,LAX,United,496.21,0
2024-09-03,2024-12-31,LHR,CDG,Ryanair,186.65,0
2024-08-02,2024-12-30,JFK,LAX,Delta,419.39,0
2024-09-21,2024-12-22,JFK,LAX,Delta,577.4,0
2024-08-21,2024-12-09,SYD,MEL,Qantas,175.94,0
2024-09-16,2024-12-09,BOM,DEL,Indigo,259.97,0
2024-10-07,2024-12-11,JFK,LAX,Delta,562.79,0
2024-11-13,2024-12-25,BOM,DEL,Indigo,304.74,0
2024-10-30,2024-12-18,BOM,DEL,Indigo,156.87,0
2024-07-08,2024-12-20,LHR,CDG,Ryanair,126.77,0
2024-08-15,2024-12-24,JFK,LAX,United,430.12,0
2024-10-18,2024-12-26,BOM,DEL,Indigo,195.49,0
2024-11-05,2024-11-14,JFK,LAX,Delta,648.95,0
2024-09-01,2024-12-25,JFK,LAX,Delta,572.84,0
2024-06-29,2024-12-14,LHR,CDG,Ryanair,146.75,0
2024-03-16,2024-09-08,SYD,MEL,Qantas,169.68,0
2024-06-21,2024-12-08,BOM,DEL,Indigo,126.77,0
2024-09-29,2024-12-25,JFK,LAX,United,685.51,1
2024-11-21,2024-12-29,JFK,LAX,Delta,664.96,0
2024-08-23,2024-12-04,BOM,DEL,Indigo,181.28,0
2024-09-16,2024-12-28,JFK,LAX,United,637.29,0
2024-08-04,2024-12-08,JFK,LAX,Delta,549.72,0
2024-08-21,2024-12-21,BOM,DEL,Indigo,257.6,1
