price,stops,target_price,days_to_departure_bin,departure_month,is_weekend,season_Spring,season_Summer,season_Winter,is_holiday,route_JFK-LAX,route_LHR-CDG,route_SYD-MEL,airline_INDIGO,airline_QANTAS,airline_RYANAIR,airline_UNITED
591.78,0,6.384823335221099,4,1,0,0,0,1,1,1,0,0,0,0,0,0
801.22,0,6.687382884463713,2,1,0,0,0,1,1,1,0,0,0,0,0,1
152.24,0,5.032005319832448,3,1,0,0,0,1,1,0,1,0,0,0,1,0
563.71,0,6.336312325039795,0,1,0,0,0,1,1,0,0,1,0,1,0,0
601.7,0,6.401419560488998,2,1,0,0,0,1,0,1,0,0,0,0,0,0
491.85,0,6.200204868111448,3,1,0,0,0,1,0,1,0,0,0,0,0,1
232.04,0,5.451210112651179,3,1,0,0,0,1,0,0,1,0,0,0,1,0
309.14,0,5.737023808436003,2,1,0,0,0,1,0,0,0,0,1,0,0,0
269.95,1,5.601934302012123,3,1,0,0,0,1,0,0,0,1,0,1,0,0
482.06,0,6.180140869539945,4,1,0,0,0,1,0,1,0,0,0,0,0,0
677.64,1,6.520090795499479,2,1,0,0,0,1,0,1,0,0,0,0,0,1
138.44,0,4.937634401211765,3,1,0,0,0,1,0,0,1,0,0,0,1,0
171.49,0,5.150339263776537,4,1,0,0,0,1,0,0,0,0,1,0,0,0
243.25,0,5.498192290922892,4,1,0,0,0,1,0,0,0,1,0,1,0,0
628.15,1,6.444369702037977,3,1,0,0,0,1,0,1,0,0,0,0,0,0
489.83,0,6.196097835663095,4,1,0,0,0,1,0,1,0,0,0,0,0,1
197.69,0,5.291745821164998,3,1,0,0,0,1,0,0,1,0,0,0,1,0
148.32,1,5.006091654046383,3,1,0,0,0,1,0,0,0,0,1,0,0,0
209.68,1,5.350340394615189,4,1,0,0,0,1,0,0,0,1,0,1,0,0
709.55,0,6.566039318037871,3,1,0,0,0,1,0,1,0,0,0,0,0,0
775.14,0,6.654332916281998,2,1,0,0,0,1,0,1,0,0,0,0,0,1
133.89,0,4.904459631481588,4,1,0,0,0,1,0,0,1,0,0,0,1,0
164.95,1,5.1116865381659835,3,1,0,0,0,1,0,0,0,0,1,0,0,0
228.19,0,5.434551353871315,3,1,0,0,0,1,0,0,0,1,0,1,0,0
600.25,0,6.399010821419971,3,1,0,0,0,1,0,1,0,0,0,0,0,0
504.62,1,6.225785399012317,4,1,0,0,0,1,0,1,0,0,0,0,0,1
223.21,0,5.41258311267638,3,1,0,0,0,1,0,0,1,0,0,0,1,0
269.93,0,5.601860484930817,3,1,0,0,0,1,0,0,0,0,1,0,0,0
274.51,0,5.618623925574879,4,1,0,0,0,1,0,0,0,1,0,1,0,0
616.54,0,6.425743843732107,3,1,0,0,0,1,0,1,0,0,0,0,0,0
1141.8,0,7.041236670356618,0,1,0,0,0,1,0,1,0,0,0,0,0,1
290.28,0,5.674285003867178,4,1,0,0,0,1,0,0,1,0,0,0,1,0
226.96,0,5.429170174966798,3,1,0,0,0,1,0,0,0,0,1,0,0,0
223.04,0,5.411824607341631,4,1,0,0,0,1,0,0,0,1,0,1,0,0
446.55,0,6.103788263316948,4,1,0,0,0,1,0,1,0,0,0,0,0,0
492.25,0,6.201016144902725,4,1,0,0,0,1,0,1,0,0,0,0,0,1
331.16,0,5.805616780537469,1,1,0,0,0,1,0,0,1,0,0,0,1,0
178.28,0,5.188948829492672,3,1,0,0,0,1,0,0,0,0,1,0,0,0
234.46,0,5.4615410476500506,4,1,0,0,0,1,0,0,0,1,0,1,0,0
536.76,1,6.287412363976795,4,1,0,0,0,1,0,1,0,0,0,0,0,0
487.87,0,6.192096605460093,4,1,0,0,0,1,0,1,0,0,0,0,0,1
150.74,0,5.022168529909929,4,1,0,0,0,1,0,0,1,0,0,0,1,0
130.67,0,4.880298792368253,4,1,0,0,0,1,0,0,0,0,1,0,0,0
133.71,0,4.903124319710477,4,1,0,0,0,1,0,0,0,1,0,1,0,0
552.13,0,6.31559305526936,3,1,0,0,0,1,0,1,0,0,0,0,0,0
453.03,0,6.1181632751533614,4,1,0,0,0,1,0,1,0,0,0,0,0,1
264.91,0,5.5831579056651615,3,1,0,0,0,1,0,0,1,0,0,0,1,0
172.51,0,5.156235234613581,3,1,0,0,0,1,0,0,0,0,1,0,0,0
237.49,0,5.474327380728188,3,1,0,0,0,1,0,0,0,1,0,1,0,0
865.74,0,6.764739047146399,0,1,0,0,0,1,0,1,0,0,0,0,0,0
518.55,0,6.2529630522986555,4,1,0,0,0,1,0,1,0,0,0,0,0,1
61.0,0,4.127134385045092,4,1,0,0,0,1,0,0,1,0,0,0,1,0
276.65,0,5.626361327687616,3,1,0,0,0,1,0,0,0,0,1,0,0,0
274.34,0,5.618006697634797,4,1,0,0,0,1,0,0,0,1,0,1,0,0
587.79,0,6.378069583574789,4,1,0,0,0,1,0,1,0,0,0,0,0,0
563.52,0,6.335975812545806,4,1,0,0,0,1,0,1,0,0,0,0,0,1
1201.7,0,7.092324308316571,3,1,0,0,0,1,0,0,1,0,0,0,1,0
531.42,0,6.277432651555427,0,1,0,0,0,1,0,0,0,0,1,0,0,0
280.15,0,5.638888334738211,4,1,0,0,0,1,0,0,0,1,0,1,0,0
637.36,0,6.458902387530985,3,1,0,0,0,1,0,1,0,0,0,0,0,0
648.52,0,6.476233628554191,4,1,0,0,0,1,0,1,0,0,0,0,0,1
143.68,0,4.974524407083897,4,1,0,0,0,1,0,0,1,0,0,0,1,0
196.07,0,5.283558995572491,3,1,0,0,0,1,0,0,0,0,1,0,0,0
284.58,0,5.654522200002149,4,1,0,0,0,1,0,0,0,1,0,1,0,0
683.5,0,6.528688644728503,4,1,0,0,0,1,0,1,0,0,0,0,0,0
588.66,1,6.379546099605266,4,1,0,0,0,1,0,1,0,0,0,0,0,1
238.4,0,5.478135793123873,4,1,0,0,0,1,0,0,1,0,0,0,1,0
159.62,0,5.079041326760316,4,1,0,0,0,1,0,0,0,0,1,0,0,0
317.46,1,5.76349687842828,4,1,0,0,0,1,0,0,0,1,0,1,0,0
456.93,0,6.126716334005255,4,1,0,0,0,1,0,1,0,0,0,0,0,0
162.72,0,5.098157651624202,3,1,0,0,0,1,0,0,1,0,0,0,1,0
120.51,0,4.79999656392052,4,1,0,0,0,1,0,0,0,0,1,0,0,0
180.87,0,5.203292146138927,4,1,0,0,0,1,0,0,0,1,0,1,0,0
423.78,0,6.0515713878401005,4,1,0,0,0,1,0,1,0,0,0,0,0,0
453.74,1,6.119725827051993,4,1,0,0,0,1,0,1,0,0,0,0,0,1
251.57,0,5.5316884380176825,2,1,0,0,0,1,0,0,1,0,0,0,1,0
356.35,0,5.878715693665988,2,1,0,0,0,1,0,0,0,0,1,0,0,0
241.17,0,5.48963995887241,3,1,0,0,0,1,0,0,0,1,0,1,0,0
770.65,0,6.64853107934684,0,1,0,0,0,1,0,1,0,0,0,0,0,0
482.03,1,6.180078763524957,4,1,0,0,0,1,0,1,0,0,0,0,0,1
176.24,1,5.177504746331289,4,1,0,0,0,1,0,0,1,0,0,0,1,0
196.66,0,5.2865483829480375,4,1,0,0,0,1,0,0,0,0,1,0,0,0
212.39,1,5.363121477413533,4,1,0,0,0,1,0,0,0,1,0,1,0,0
497.61,0,6.211824227045576,3,1,0,0,0,1,0,1,0,0,0,0,0,0
764.9,1,6.641051612915548,2,1,0,0,0,1,0,1,0,0,0,0,0,1
98.81,0,4.603268378698495,4,1,0,0,0,1,0,0,1,0,0,0,1,0
205.45,0,5.330058252332099,3,1,0,0,0,1,0,0,0,0,1,0,0,0
284.36,0,5.653751541050636,4,1,0,0,0,1,0,0,0,1,0,1,0,0
622.77,0,6.435781710679942,4,1,0,0,0,1,0,1,0,0,0,0,0,0
605.41,0,6.407556324957362,4,1,0,0,0,1,0,1,0,0,0,0,0,1
211.54,0,5.359130205944549,4,1,0,0,0,1,0,0,1,0,0,0,1,0
114.83,0,4.752123598944254,4,1,0,0,0,1,0,0,0,0,1,0,0,0
183.43,1,5.217269987694714,4,1,0,0,0,1,0,0,0,1,0,1,0,0
517.34,0,6.2506313975988474,4,1,0,0,0,1,0,1,0,0,0,0,0,0
755.53,0,6.6287421887540825,3,1,0,0,0,1,0,1,0,0,0,0,0,1
216.92,1,5.384128022961147,3,1,0,0,0,1,0,0,1,0,0,0,1,0
146.29,0,4.992403432501452,4,1,0,0,0,1,0,0,0,0,1,0,0,0
324.44,0,5.785178112860195,3,1,0,0,0,1,0,0,0,1,0,1,0,0
621.31,0,6.433438360865955,4,1,0,0,0,1,0,1,0,0,0,0,0,0
952.2,0,6.8598247452245875,0,1,0,0,0,1,0,1,0,0,0,0,0,1
390.92,0,5.9710577373303195,0,1,0,0,0,1,0,0,1,0,0,0,1,0
227.08,0,5.429696444604416,3,1,0,0,0,1,0,0,0,0,1,0,0,0
246.11,0,5.509833581621267,4,1,0,0,0,1,0,0,0,1,0,1,0,0
467.22,0,6.148938270932172,4,1,0,0,0,1,0,1,0,0,0,0,0,0
659.06,0,6.4923307399793995,2,1,0,0,0,1,0,1,0,0,0,0,0,1
143.39,0,4.972517971983128,4,1,0,0,0,1,0,0,1,0,0,0,1,0
125.36,0,4.839134975933884,4,1,0,0,0,1,0,0,0,0,1,0,0,0
518.75,0,6.2533479267381225,0,1,0,0,0,1,0,0,0,1,0,1,0,0
500.16,0,6.2169254113773516,4,1,0,0,0,1,0,1,0,0,0,0,0,1
144.7,0,4.981549713201159,3,1,0,0,0,1,0,0,1,0,0,0,1,0
214.62,0,5.373517599110972,4,1,0,0,0,1,0,0,0,0,1,0,0,0
255.44,0,5.546894719119057,3,1,0,0,0,1,0,0,0,1,0,1,0,0
472.91,0,6.161017430249116,4,1,0,0,0,1,0,1,0,0,0,0,0,0
519.59,0,6.254962783770522,4,1,0,0,0,1,0,1,0,0,0,0,0,1
234.81,1,5.463026396025077,1,1,0,0,0,1,0,0,1,0,0,0,1,0
184.96,0,5.225531596822384,4,1,0,0,0,1,0,0,0,0,1,0,0,0
241.71,1,5.491867315015168,4,1,0,0,0,1,0,0,0,1,0,1,0,0
617.69,1,6.427604339484065,3,1,0,0,0,1,0,1,0,0,0,0,0,0
947.19,0,6.854554904114156,0,1,0,0,0,1,0,1,0,0,0,0,0,1
204.72,0,5.326516020906715,4,1,0,0,0,1,0,0,1,0,0,0,1,0
138.18,0,4.935768059416704,4,1,0,0,0,1,0,0,0,0,1,0,0,0
223.92,0,5.415744783424001,4,1,0,0,0,1,0,0,0,1,0,1,0,0
705.37,1,6.560139179531751,3,1,0,0,0,1,0,1,0,0,0,0,0,0
578.84,0,6.36275220341456,3,1,0,0,0,1,0,1,0,0,0,0,0,1
1044.76,0,6.952499172791529,3,1,0,0,0,1,0,0,1,0,0,0,1,0
319.33,0,5.769351714420779,3,1,0,0,0,1,0,0,0,0,1,0,0,0
236.69,0,5.47096730364526,3,1,0,0,0,1,0,0,0,1,0,1,0,0
524.05,0,6.263493496152003,4,1,0,0,0,1,0,1,0,0,0,0,0,0
648.99,1,6.476956978155954,3,1,0,0,0,1,0,1,0,0,0,0,0,1
144.32,0,4.978938207353001,4,1,0,0,0,1,0,0,1,0,0,0,1,0
215.85,0,5.379205870281376,4,1,0,0,0,1,0,0,0,0,1,0,0,0
180.03,0,5.198662763387852,4,1,0,0,0,1,0,0,0,1,0,1,0,0
676.18,0,6.517937116450151,4,1,0,0,0,1,0,1,0,0,0,0,0,0
702.05,0,6.555428013036825,3,1,0,0,0,1,0,1,0,0,0,0,0,1
156.68,0,5.0605676628444645,4,1,0,0,0,1,0,0,1,0,0,0,1,0
332.68,0,5.81018244988869,2,1,0,0,0,1,0,0,0,0,1,0,0,0
355.34,1,5.875885331255824,4,1,0,0,0,1,0,0,0,1,0,1,0,0
409.44,1,6.017229754994008,4,1,0,0,0,1,0,1,0,0,0,0,0,0
278.52,0,5.633073846385746,3,1,0,0,0,1,0,0,0,0,1,0,0,0
328.88,1,5.798728951965154,3,1,0,0,0,1,0,0,0,1,0,1,0,0
716.63,0,6.575954115890806,1,1,0,0,0,1,0,1,0,0,0,0,0,0
423.55,0,6.051029784445372,4,1,0,0,0,1,0,1,0,0,0,0,0,1
138.14,0,4.935480620495495,4,1,0,0,0,1,0,0,1,0,0,0,1,0
208.76,0,5.34596402001539,2,1,0,0,0,1,0,0,0,0,1,0,0,0
215.9,1,5.379436417832829,3,1,0,0,0,1,0,0,0,1,0,1,0,0
528.98,0,6.272839269985096,4,1,0,0,0,1,0,1,0,0,0,0,0,0
499.0,0,6.214608098422191,4,1,0,0,0,1,0,1,0,0,0,0,0,1
145.06,0,4.984017496191964,4,1,0,0,0,1,0,0,1,0,0,0,1,0
77.85,0,4.367547313409047,4,1,0,0,0,1,0,0,0,0,1,0,0,0
235.98,0,5.467975749388594,4,1,0,0,0,1,0,0,0,1,0,1,0,0
407.16,1,6.011659254393502,4,2,0,0,0,1,0,1,0,0,0,0,0,0
492.44,0,6.20140127093491,4,2,0,0,0,1,0,1,0,0,0,0,0,1
157.42,0,5.065249734036134,3,2,0,0,0,1,0,0,1,0,0,0,1,0
52.67,0,3.9828541861887374,4,2,0,0,0,1,0,0,0,0,1,0,0,0
186.71,0,5.2348982186783815,4,2,0,0,0,1,0,0,0,1,0,1,0,0
553.19,1,6.317507588238656,2,2,0,0,0,1,0,1,0,0,0,0,0,0
530.5,0,6.275703197782002,3,2,0,0,0,1,0,1,0,0,0,0,0,1
142.53,1,4.966544072583289,4,2,0,0,0,1,0,0,1,0,0,0,1,0
261.24,1,5.56926011499552,2,2,0,0,0,1,0,0,0,0,1,0,0,0
151.01,0,5.023946308155928,4,2,0,0,0,1,0,0,0,1,0,1,0,0
547.72,0,6.307588293191066,3,2,0,0,0,1,0,1,0,0,0,0,0,0
556.12,1,6.322780656579824,3,2,0,0,0,1,0,1,0,0,0,0,0,1
116.21,0,4.763967197735089,4,2,0,0,0,1,0,0,0,0,1,0,0,0
135.88,0,4.919104629583938,4,2,0,0,0,1,0,0,0,1,0,1,0,0
557.01,0,6.324376883367682,3,2,0,0,0,1,0,1,0,0,0,0,0,0
585.38,1,6.3739680435788,3,2,0,0,0,1,0,1,0,0,0,0,0,1
148.35,0,5.006292544662119,4,2,0,0,0,1,0,0,1,0,0,0,1,0
101.46,1,4.629472478511056,4,2,0,0,0,1,0,0,0,0,1,0,0,0
223.52,0,5.413964790073998,4,2,0,0,0,1,0,0,0,1,0,1,0,0
425.41,0,6.055401324734236,3,2,0,0,0,1,0,1,0,0,0,0,0,0
310.25,0,5.740596447778917,4,2,0,0,0,1,0,1,0,0,0,0,0,1
149.87,1,5.016418538851983,3,2,0,0,0,1,0,0,1,0,0,0,1,0
150.25,0,5.018934096910951,4,2,0,0,0,1,0,0,0,0,1,0,0,0
260.44,1,5.566204811671638,3,2,0,0,0,1,0,0,0,1,0,1,0,0
413.99,0,6.028254423554833,3,2,0,0,0,1,0,1,0,0,0,0,0,0
1949.94,0,7.57606658669045,3,2,0,0,0,1,0,1,0,0,0,0,0,1
269.23,0,5.599273448230355,0,2,0,0,0,1,0,0,1,0,0,0,1,0
120.0,0,4.795790545596741,4,2,0,0,0,1,0,0,0,0,1,0,0,0
237.44,0,5.474117706351726,3,2,0,0,0,1,0,0,0,1,0,1,0,0
473.92,0,6.163146368797592,4,2,0,0,0,1,0,1,0,0,0,0,0,0
492.61,0,6.201745731705247,3,2,0,0,0,1,0,1,0,0,0,0,0,1
137.99,0,4.934401988096667,4,2,0,0,0,1,0,0,1,0,0,0,1,0
181.92,1,5.209048898789854,3,2,0,0,0,1,0,0,0,0,1,0,0,0
1206.84,0,7.096588919391315,3,2,0,0,0,1,0,0,0,1,0,1,0,0
410.33,1,6.019395812036673,3,2,0,0,0,1,0,1,0,0,0,0,0,0
455.78,0,6.124201874546176,3,2,0,0,0,1,0,1,0,0,0,0,0,1
210.38,1,5.353657461581201,3,2,0,0,0,1,0,0,1,0,0,0,1,0
85.48,0,4.4599131733309525,4,2,0,0,0,1,0,0,0,0,1,0,0,0
184.63,0,5.223755445221132,4,2,0,0,0,1,0,0,0,1,0,1,0,0
542.36,1,6.297772083682927,3,2,0,0,0,1,0,1,0,0,0,0,0,0
483.27,0,6.182642602415141,3,2,0,0,0,1,0,1,0,0,0,0,0,1
129.61,0,4.8722157835894295,4,2,0,0,0,1,0,0,1,0,0,0,1,0
139.69,0,4.946558888389122,4,2,0,0,0,1,0,0,0,0,1,0,0,0
276.67,1,5.626433358228597,2,2,0,0,0,1,0,0,0,1,0,1,0,0
538.0,0,6.289715570908998,4,2,0,0,0,1,1,1,0,0,0,0,0,0
642.3,0,6.466611178416954,4,2,0,0,0,1,1,1,0,0,0,0,0,1
218.8,0,5.392718041969521,4,2,0,0,0,1,1,0,1,0,0,0,1,0
192.81,0,5.2668782977126565,4,2,0,0,0,1,1,0,0,0,1,0,0,0
246.36,0,5.5108447653990575,3,2,0,0,0,1,1,0,0,1,0,1,0,0
608.48,0,6.412606134601154,3,2,0,0,0,1,1,1,0,0,0,0,0,0
190.19,0,5.253267697994312,4,2,0,0,0,1,1,0,1,0,0,0,1,0
275.15,0,5.620944196347197,3,2,0,0,0,1,1,0,0,0,1,0,0,0
278.57,0,5.633252708465673,3,2,0,0,0,1,1,0,0,1,0,1,0,0
413.42,0,6.026879952328937,4,2,0,0,0,1,0,1,0,0,0,0,0,0
412.13,0,6.023762313407144,4,2,0,0,0,1,0,1,0,0,0,0,0,1
263.41,0,5.577500928744919,2,2,0,0,0,1,0,0,1,0,0,0,1,0
66.49,0,4.211979438755315,4,2,0,0,0,1,0,0,0,0,1,0,0,0
203.34,0,5.319785273163277,3,2,0,0,0,1,0,0,0,1,0,1,0,0
435.32,0,6.078375919097279,3,2,0,0,0,1,0,1,0,0,0,0,0,0
602.86,0,6.4033423829883365,1,2,0,0,0,1,0,1,0,0,0,0,0,1
146.78,0,4.995724681360501,4,2,0,0,0,1,0,0,1,0,0,0,1,0
139.92,0,4.948192353473037,4,2,0,0,0,1,0,0,0,0,1,0,0,0
247.08,0,5.5137512747921935,3,2,0,0,0,1,0,0,0,1,0,1,0,0
508.58,0,6.233586857019973,4,2,0,0,0,1,0,1,0,0,0,0,0,0
390.72,1,5.970547298852594,3,2,0,0,0,1,0,1,0,0,0,0,0,1
117.95,0,4.778703236748966,4,2,0,0,0,1,0,0,1,0,0,0,1,0
122.18,0,4.813646700258897,4,2,0,0,0,1,0,0,0,0,1,0,0,0
219.61,1,5.396396436707672,3,2,0,0,0,1,0,0,0,1,0,1,0,0
507.64,0,6.231740497162493,3,2,0,0,0,1,0,1,0,0,0,0,0,0
501.43,0,6.219456326747013,4,2,0,0,0,1,0,1,0,0,0,0,0,1
151.12,0,5.024669683060059,3,2,0,0,0,1,0,0,1,0,0,0,1,0
253.68,0,5.540007855148825,2,2,0,0,0,1,0,0,0,0,1,0,0,0
182.98,0,5.214827056049011,4,2,0,0,0,1,0,0,0,1,0,1,0,0
568.36,0,6.344512922991016,2,2,0,0,0,1,0,1,0,0,0,0,0,0
528.33,0,6.271612055889925,3,2,0,0,0,1,0,1,0,0,0,0,0,1
136.5,0,4.923623917106626,4,2,0,0,0,1,0,0,1,0,0,0,1,0
79.19,0,4.384398818818937,4,2,0,0,0,1,0,0,0,0,1,0,0,0
495.09,0,6.206757361877478,1,2,0,0,0,1,0,0,0,1,0,1,0,0
524.16,0,6.2637029780659095,4,2,0,0,0,1,0,1,0,0,0,0,0,0
496.26,0,6.209113028140212,3,2,0,0,0,1,0,1,0,0,0,0,0,1
79.68,0,4.390490713086011,4,2,0,0,0,1,0,0,1,0,0,0,1,0
228.65,0,5.436556410771803,3,2,0,0,0,1,0,0,0,0,1,0,0,0
259.38,0,5.5621421024692514,4,2,0,0,0,1,0,0,0,1,0,1,0,0
435.95,1,6.079818772073553,4,2,0,0,0,1,0,1,0,0,0,0,0,0
512.06,0,6.240392797395919,3,2,0,0,0,1,0,1,0,0,0,0,0,1
222.27,0,5.4083818014103455,3,2,0,0,0,1,0,0,1,0,0,0,1,0
238.31,0,5.477759782591148,3,2,0,0,0,1,0,0,0,0,1,0,0,0
191.69,0,5.261082679937811,4,2,0,0,0,1,0,0,0,1,0,1,0,0
395.76,0,5.983331563877793,4,2,0,0,0,1,0,1,0,0,0,0,0,0
474.12,0,6.163567403707605,3,2,0,0,0,1,0,1,0,0,0,0,0,1
211.4,1,5.358471289367784,1,2,0,0,0,1,0,0,1,0,0,0,1,0
163.8,0,5.1047326174753715,4,2,0,0,0,1,0,0,0,0,1,0,0,0
136.71,0,4.925150024739034,4,2,0,0,0,1,0,0,0,1,0,1,0,0
408.63,0,6.01525431323072,3,2,0,0,0,1,0,1,0,0,0,0,0,0
430.36,0,6.0669430082838876,4,2,0,0,0,1,0,1,0,0,0,0,0,1
61.23,0,4.130837198581126,4,2,0,0,0,1,0,0,1,0,0,0,1,0
95.93,0,4.573989068504517,4,2,0,0,0,1,0,0,0,0,1,0,0,0
131.02,0,4.882953426260625,4,2,0,0,0,1,0,0,0,1,0,1,0,0
380.54,0,5.944215694507371,4,2,0,0,0,1,0,1,0,0,0,0,0,0
473.74,0,6.162767285752806,3,2,0,0,0,1,0,1,0,0,0,0,0,1
169.61,0,5.139380249986818,4,2,0,0,0,1,0,0,1,0,0,0,1,0
86.18,0,4.467974946810247,4,2,0,0,0,1,0,0,0,0,1,0,0,0
234.27,0,5.460733790792328,2,2,0,0,0,1,0,0,0,1,0,1,0,0
550.32,0,6.312315402826238,0,2,0,0,0,1,0,1,0,0,0,0,0,0
404.78,0,6.005811140814903,4,2,0,0,0,1,0,1,0,0,0,0,0,1
50.0,0,3.9318256327243257,4,2,0,0,0,1,0,0,1,0,0,0,1,0
265.16,1,5.584097631710222,1,2,0,0,0,1,0,0,0,0,1,0,0,0
156.67,0,5.06050424124939,4,2,0,0,0,1,0,0,0,1,0,1,0,0
535.74,0,6.2855138059379225,4,2,0,0,0,1,0,1,0,0,0,0,0,1
121.32,1,4.8066405616208066,4,2,0,0,0,1,0,0,1,0,0,0,1,0
146.28,0,4.992335536924823,4,2,0,0,0,1,0,0,0,0,1,0,0,0
254.54,0,5.543378953163177,4,2,0,0,0,1,0,0,0,1,0,1,0,0
559.86,1,6.329471320011622,4,2,0,0,0,1,0,1,0,0,0,0,0,0
656.94,0,6.489113741757341,1,2,0,0,0,1,0,1,0,0,0,0,0,1
204.42,0,5.325056663737659,3,2,0,0,0,1,0,0,1,0,0,0,1,0
198.88,0,5.297717186476004,3,2,0,0,0,1,0,0,0,0,1,0,0,0
284.37,0,5.653786583890511,3,2,0,0,0,1,0,0,0,1,0,1,0,0
510.62,0,6.237582161982013,3,2,0,0,0,1,0,1,0,0,0,0,0,0
594.98,1,6.39020710945532,3,2,0,0,0,1,0,1,0,0,0,0,0,1
63.43,0,4.165579363150551,4,2,0,0,0,1,0,0,1,0,0,0,1,0
129.59,0,4.872062644232316,4,2,0,0,0,1,0,0,0,0,1,0,0,0
195.5,0,5.280662431309316,4,2,0,0,0,1,0,0,0,1,0,1,0,0
422.27,1,6.048010273293176,2,2,0,0,0,1,0,1,0,0,0,0,0,0
372.7,0,5.923453336491439,4,2,0,0,0,1,0,1,0,0,0,0,0,1
86.83,0,4.475403127929026,4,2,0,0,0,1,0,0,1,0,0,0,1,0
128.33,1,4.862367277427153,3,2,0,0,0,1,0,0,0,0,1,0,0,0
185.61,0,5.229020877545381,4,2,0,0,0,1,0,0,0,1,0,1,0,0
360.6,0,5.890538628518022,4,2,0,0,0,1,0,1,0,0,0,0,0,0
649.39,0,6.477572182961651,0,2,0,0,0,1,0,1,0,0,0,0,0,1
120.07,0,4.7963688907196484,3,2,0,0,0,1,0,0,1,0,0,0,1,0
170.85,0,5.1466220032958425,2,2,0,0,0,1,0,0,0,0,1,0,0,0
305.51,0,5.725250381271442,2,2,0,0,0,1,0,0,0,1,0,1,0,0
436.41,0,6.080870970349869,3,2,0,0,0,1,0,1,0,0,0,0,0,0
464.9,0,6.143971018822751,4,2,0,0,0,1,0,1,0,0,0,0,0,1
79.27,0,4.385395952143486,4,2,0,0,0,1,0,0,1,0,0,0,1,0
194.89,1,5.277553277195309,3,2,0,0,0,1,0,0,0,0,1,0,0,0
269.9,0,5.6017497490910495,3,2,0,0,0,1,0,0,0,1,0,1,0,0
425.9,1,6.056549793763916,3,2,0,0,0,1,0,1,0,0,0,0,0,0
560.95,0,6.331412877964276,3,2,0,0,0,1,0,1,0,0,0,0,0,1
210.29,0,5.353231597425428,3,2,0,0,0,1,0,0,1,0,0,0,1,0
186.74,0,5.235058026908846,3,2,0,0,0,1,0,0,0,0,1,0,0,0
217.47,0,5.386648705338001,4,2,0,0,0,1,0,0,0,1,0,1,0,0
638.75,0,6.4610774750398985,1,3,0,1,0,0,0,1,0,0,0,0,0,0
460.78,0,6.135088587190857,4,3,0,1,0,0,0,1,0,0,0,0,0,1
181.08,0,5.204446150937966,4,3,0,1,0,0,0,0,1,0,0,0,1,0
181.6,1,5.207297968160868,3,3,0,1,0,0,0,0,0,0,1,0,0,0
462.86,0,6.1395827825604385,0,3,0,1,0,0,0,0,0,1,0,1,0,0
520.17,0,6.256076284115952,4,3,0,1,0,0,0,1,0,0,0,0,0,0
663.91,1,6.499651693150929,3,3,0,1,0,0,0,1,0,0,0,0,0,1
151.71,0,5.028540697965091,4,3,0,1,0,0,0,0,1,0,0,0,1,0
144.77,0,4.982030037085921,4,3,0,1,0,0,0,0,0,0,1,0,0,0
291.06,0,5.676959260612326,3,3,0,1,0,0,0,0,0,1,0,1,0,0
408.99,1,6.016132769157005,4,3,0,1,0,0,0,1,0,0,0,0,0,0
547.09,0,6.3064395070398005,3,3,0,1,0,0,0,1,0,0,0,0,0,1
189.53,1,5.249809662482993,3,3,0,1,0,0,0,0,1,0,0,0,1,0
196.9,0,5.28776185260852,4,3,0,1,0,0,0,0,0,0,1,0,0,0
320.1,0,5.771752601095469,4,3,0,1,0,0,0,0,0,1,0,1,0,0
518.49,0,6.2528475610758605,2,3,0,1,0,0,0,1,0,0,0,0,0,0
692.83,0,6.54222697372766,0,3,0,1,0,0,0,1,0,0,0,0,0,1
140.23,0,4.9503897670809724,4,3,0,1,0,0,0,0,1,0,0,0,1,0
123.03,0,4.820523471827238,4,3,0,1,0,0,0,0,0,0,1,0,0,0
175.73,0,5.174623144201705,4,3,0,1,0,0,0,0,0,1,0,1,0,0
429.92,0,6.065922458025992,4,3,0,1,0,0,0,1,0,0,0,0,0,0
442.07,1,6.0937277711063285,4,3,0,1,0,0,0,1,0,0,0,0,0,1
125.75,0,4.842216642471293,4,3,0,1,0,0,0,0,1,0,0,0,1,0
118.51,0,4.783400049878789,4,3,0,1,0,0,0,0,0,0,1,0,0,0
172.34,1,5.1552549837061985,4,3,0,1,0,0,0,0,0,1,0,1,0,0
465.42,0,6.145086515763547,3,3,0,1,0,0,0,1,0,0,0,0,0,0
556.85,1,6.324090109039189,3,3,0,1,0,0,0,1,0,0,0,0,0,1
159.18,0,5.0762981828955365,3,3,0,1,0,0,0,0,1,0,0,0,1,0
165.88,0,5.117274991252462,3,3,0,1,0,0,0,0,0,0,1,0,0,0
226.72,0,5.428116804082881,3,3,0,1,0,0,0,0,0,1,0,1,0,0
443.25,0,6.096387467034761,4,3,0,1,0,0,0,1,0,0,0,0,0,0
429.15,0,6.0641339850673575,3,3,0,1,0,0,0,1,0,0,0,0,0,1
283.92,0,5.6522084391101535,2,3,0,1,0,0,0,0,1,0,0,0,1,0
205.29,0,5.329282945804916,2,3,0,1,0,0,0,0,0,0,1,0,0,0
188.8,0,5.245970886175828,4,3,0,1,0,0,0,0,0,1,0,1,0,0
499.7,0,6.216007119335899,3,3,0,1,0,0,0,1,0,0,0,0,0,0
508.79,0,6.233998876214124,3,3,0,1,0,0,0,1,0,0,0,0,0,1
233.22,1,5.4562608446139915,3,3,0,1,0,0,0,0,1,0,0,0,1,0
354.1,0,5.872399439949042,1,3,0,1,0,0,0,0,0,0,1,0,0,0
339.64,1,5.830826201145169,2,3,0,1,0,0,0,0,0,1,0,1,0,0
688.0,0,6.535241271013659,1,3,0,1,0,0,0,1,0,0,0,0,0,0
549.67,1,6.311135718663258,3,3,0,1,0,0,0,1,0,0,0,0,0,1
309.91,0,5.739503481230614,1,3,0,1,0,0,0,0,1,0,0,0,1,0
178.16,1,5.188279261339099,3,3,0,1,0,0,0,0,0,0,1,0,0,0
295.15,0,5.690866082722974,3,3,0,1,0,0,0,0,0,1,0,1,0,0
598.69,0,6.396412855031266,1,3,0,1,0,0,0,1,0,0,0,0,0,0
448.38,0,6.107868854978085,4,3,0,1,0,0,0,1,0,0,0,0,0,1
187.2,0,5.23750522715128,4,3,0,1,0,0,0,0,1,0,0,0,1,0
199.85,0,5.302558360805291,4,3,0,1,0,0,0,0,0,0,1,0,0,0
194.04,1,5.273204665732961,4,3,0,1,0,0,0,0,0,1,0,1,0,0
349.55,0,5.859503349652977,4,3,0,1,0,0,0,1,0,0,0,0,0,0
521.7,0,6.259007685718876,3,3,0,1,0,0,0,1,0,0,0,0,0,1
265.18,0,5.58417277165841,1,3,0,1,0,0,0,0,1,0,0,0,1,0
182.19,0,5.210523865597367,3,3,0,1,0,0,0,0,0,0,1,0,0,0
251.15,0,5.530024148522735,2,3,0,1,0,0,0,0,0,1,0,1,0,0
516.2,1,6.248429646897702,2,3,0,1,0,0,0,1,0,0,0,0,0,0
388.74,0,5.9654798501359885,4,3,0,1,0,0,0,1,0,0,0,0,0,1
144.66,0,4.981275138789769,4,3,0,1,0,0,0,0,1,0,0,0,1,0
81.36,0,4.411099882159589,4,3,0,1,0,0,0,0,0,0,1,0,0,0
185.31,0,5.227411953032262,3,3,0,1,0,0,0,0,0,1,0,1,0,0
475.34,0,6.166131884965077,3,3,0,1,0,0,0,1,0,0,0,0,0,0
486.44,0,6.1891672059402385,3,3,0,1,0,0,0,1,0,0,0,0,0,1
209.97,1,5.3517159432727315,3,3,0,1,0,0,0,0,1,0,0,0,1,0
254.96,1,5.54502118227126,1,3,0,1,0,0,0,0,0,0,1,0,0,0
166.83,0,5.122951562320088,4,3,0,1,0,0,0,0,0,1,0,1,0,0
437.59,0,6.0835650359062665,4,3,0,1,0,0,0,1,0,0,0,0,0,0
447.07,0,6.104949470209226,4,3,0,1,0,0,0,1,0,0,0,0,0,1
291.82,0,5.679558085765336,0,3,0,1,0,0,0,0,1,0,0,0,1,0
354.11,0,5.872427600633912,0,3,0,1,0,0,0,0,0,0,1,0,0,0
368.28,0,5.91155516387968,0,3,0,1,0,0,0,0,0,1,0,1,0,0
678.88,0,6.521916312009151,1,3,0,1,0,0,0,1,0,0,0,0,0,0
430.73,1,6.067800392850192,4,3,0,1,0,0,0,1,0,0,0,0,0,1
288.8,0,5.669191029886582,1,3,0,1,0,0,0,0,1,0,0,0,1,0
165.23,0,5.113372371547368,4,3,0,1,0,0,0,0,0,0,1,0,0,0
277.21,1,5.628376224206372,3,3,0,1,0,0,0,0,0,1,0,1,0,0
444.88,0,6.100049857521423,4,3,0,1,0,0,0,1,0,0,0,0,0,0
478.56,0,6.172869016839453,4,3,0,1,0,0,0,1,0,0,0,0,0,1
153.09,0,5.037536847293762,3,3,0,1,0,0,0,0,1,0,0,0,1,0
282.66,0,5.647776337866461,3,3,0,1,0,0,0,0,0,0,1,0,0,0
215.52,0,5.377682921928777,3,3,0,1,0,0,0,0,0,1,0,1,0,0
605.72,0,6.408067399626602,3,3,0,1,0,0,0,1,0,0,0,0,0,0
528.71,0,6.2723296869828165,3,3,0,1,0,0,0,1,0,0,0,0,0,1
147.93,1,5.003476396897776,3,3,0,1,0,0,0,0,1,0,0,0,1,0
147.93,1,5.003476396897776,4,3,0,1,0,0,0,0,0,0,1,0,0,0
265.69,0,5.586086935171916,4,3,0,1,0,0,0,0,0,1,0,1,0,0
365.59,0,5.90424405734671,4,3,0,1,0,0,0,1,0,0,0,0,0,0
366.7,1,5.907267388307226,4,3,0,1,0,0,0,1,0,0,0,0,0,1
189.46,0,5.2494421987659,3,3,0,1,0,0,0,0,1,0,0,0,1,0
192.37,0,5.264605452062501,3,3,0,1,0,0,0,0,0,0,1,0,0,0
151.54,1,5.027426856736093,4,3,0,1,0,0,0,0,0,1,0,1,0,0
402.02,0,5.998986188506828,3,3,0,1,0,0,0,1,0,0,0,0,0,0
478.6,0,6.172952423153359,3,3,0,1,0,0,0,1,0,0,0,0,0,1
222.3,0,5.408516158846112,1,3,0,1,0,0,0,0,1,0,0,0,1,0
156.28,0,5.058027656398856,4,3,0,1,0,0,0,0,0,0,1,0,0,0
206.07,0,5.3330569003519335,3,3,0,1,0,0,0,0,0,1,0,1,0,0
432.28,0,6.071384170283856,3,3,0,1,0,0,0,1,0,0,0,0,0,0
394.48,0,5.980100217028932,3,3,0,1,0,0,0,1,0,0,0,0,0,1
217.72,1,5.38779237297564,2,3,0,1,0,0,0,0,1,0,0,0,1,0
163.23,0,5.101267884349469,4,3,0,1,0,0,0,0,0,0,1,0,0,0
183.52,0,5.21775785868962,4,3,0,1,0,0,0,0,0,1,0,1,0,0
376.07,0,5.932430846604856,4,3,0,1,0,0,0,1,0,0,0,0,0,0
689.08,0,6.536807532899533,0,3,0,1,0,0,0,1,0,0,0,0,0,1
193.05,0,5.268115857814915,3,3,0,1,0,0,0,0,1,0,0,0,1,0
129.69,0,4.872828106608945,3,3,0,1,0,0,0,0,0,0,1,0,0,0
171.5,0,5.150397236471415,4,3,0,1,0,0,0,0,0,1,0,1,0,0
547.26,0,6.306749626985734,3,3,0,1,0,0,0,1,0,0,0,0,0,0
553.98,0,6.318932077061085,2,3,0,1,0,0,0,1,0,0,0,0,0,1
193.78,0,5.271870716533053,3,3,0,1,0,0,0,0,1,0,0,0,1,0
192.72,0,5.266413817535028,2,3,0,1,0,0,0,0,0,0,1,0,0,0
164.16,0,5.10691470101789,4,3,0,1,0,0,0,0,0,1,0,1,0,0
466.37,0,6.147121235192447,4,3,0,1,0,0,0,1,0,0,0,0,0,0
615.82,0,6.424577247144958,2,3,0,1,0,0,0,1,0,0,0,0,0,1
246.1,0,5.509793112994564,2,3,0,1,0,0,0,0,1,0,0,0,1,0
136.53,0,4.9238420751266165,4,3,0,1,0,0,0,0,0,0,1,0,0,0
197.85,1,5.2925507716536995,4,3,0,1,0,0,0,0,0,1,0,1,0,0
494.67,0,6.205910382718996,4,3,0,1,0,0,0,1,0,0,0,0,0,0
672.59,0,6.512621617212219,3,3,0,1,0,0,0,1,0,0,0,0,0,1
176.4,0,5.178407069875479,3,3,0,1,0,0,0,0,0,0,1,0,0,0
305.39,0,5.724858800258117,3,3,0,1,0,0,0,0,0,1,0,1,0,0
515.68,0,6.247423727363815,3,3,0,1,0,0,0,1,0,0,0,0,0,0
444.35,0,6.098860489877879,4,3,0,1,0,0,0,1,0,0,0,0,0,1
254.98,0,5.545099316427645,1,3,0,1,0,0,0,0,1,0,0,0,1,0
133.02,0,4.897989042545024,4,3,0,1,0,0,0,0,0,0,1,0,0,0
369.99,0,5.916175108066267,4,3,0,1,0,0,0,1,0,0,0,0,0,0
461.78,0,6.137251779173963,3,3,0,1,0,0,0,1,0,0,0,0,0,1
117.34,1,4.773561837248548,4,3,0,1,0,0,0,0,1,0,0,0,1,0
126.48,0,4.847959489549136,4,3,0,1,0,0,0,0,0,0,1,0,0,0
137.89,0,4.9336822529281275,4,3,0,1,0,0,0,0,0,1,0,1,0,0
331.79,0,5.807511660418678,4,3,0,1,0,0,0,1,0,0,0,0,0,0
337.46,0,5.82440591697994,4,3,0,1,0,0,0,1,0,0,0,0,0,1
93.31,0,4.546587228555794,4,3,0,1,0,0,0,0,1,0,0,0,1,0
170.01,0,5.141722034324962,3,3,0,1,0,0,0,0,0,0,1,0,0,0
240.49,0,5.486828064367804,4,3,0,1,0,0,0,0,0,1,0,1,0,0
525.68,0,6.2665931534881425,3,3,0,1,0,0,0,1,0,0,0,0,0,0
697.17,0,6.548462626116749,1,3,0,1,0,0,0,1,0,0,0,0,0,1
141.92,0,4.962285033155209,4,3,0,1,0,0,0,0,1,0,0,0,1,0
294.23,0,5.687754713579004,0,3,0,1,0,0,0,0,0,0,1,0,0,0
361.07,0,5.8918375632979165,2,3,0,1,0,0,0,0,0,1,0,1,0,0
1112.69,0,7.015434105279996,0,3,0,1,0,0,1,1,0,0,0,0,0,0
847.59,0,6.743576148583778,1,3,0,1,0,0,1,1,0,0,0,0,0,1
177.24,0,5.183130956738919,4,3,0,1,0,0,1,0,0,0,1,0,0,0
232.73,0,5.454166603010877,4,3,0,1,0,0,1,0,0,1,0,1,0,0
475.4,0,6.166257837481145,4,3,0,1,0,0,0,1,0,0,0,0,0,0
552.05,0,6.315448413348263,3,3,0,1,0,0,0,1,0,0,0,0,0,1
182.2,0,5.21057845224003,4,3,0,1,0,0,0,0,1,0,0,0,1,0
164.92,1,5.111505744481217,4,3,0,1,0,0,0,0,0,0,1,0,0,0
334.81,0,5.816545523830769,2,3,0,1,0,0,0,0,0,1,0,1,0,0
805.46,0,6.692654299311112,0,3,0,1,0,0,0,1,0,0,0,0,0,0
620.74,1,6.4325219989192695,3,3,0,1,0,0,0,1,0,0,0,0,0,1
149.21,0,5.012034315009963,4,3,0,1,0,0,0,0,1,0,0,0,1,0
214.84,0,5.3745373924594455,3,3,0,1,0,0,0,0,0,0,1,0,0,0
130.53,0,4.879234962480687,4,3,0,1,0,0,0,0,0,1,0,1,0,0
388.43,0,5.964684131573013,4,4,0,1,0,0,0,1,0,0,0,0,0,0
615.58,0,6.424188078986973,2,4,0,1,0,0,0,1,0,0,0,0,0,1
272.93,0,5.612872599296359,1,4,0,1,0,0,0,0,1,0,0,0,1,0
122.39,0,4.815350070910442,3,4,0,1,0,0,0,0,0,0,1,0,0,0
283.06,1,5.649185483452982,3,4,0,1,0,0,0,0,0,1,0,1,0,0
548.99,0,6.309900096243044,3,4,0,1,0,0,0,1,0,0,0,0,0,0
461.05,0,6.135673110334049,3,4,0,1,0,0,0,1,0,0,0,0,0,1
126.43,0,4.847567194224188,3,4,0,1,0,0,0,0,1,0,0,0,1,0
139.63,0,4.9461323278821565,4,4,0,1,0,0,0,0,0,0,1,0,0,0
114.07,0,4.745540638835367,4,4,0,1,0,0,0,0,0,1,0,1,0,0
557.93,0,6.326024241700372,3,4,0,1,0,0,0,1,0,0,0,0,0,0
485.18,0,6.186578925700689,4,4,0,1,0,0,0,1,0,0,0,0,0,1
124.55,0,4.832704085603594,4,4,0,1,0,0,0,0,1,0,0,0,1,0
152.52,0,5.033830851699444,4,4,0,1,0,0,0,0,0,0,1,0,0,0
204.45,0,5.325202695329419,3,4,0,1,0,0,0,0,0,1,0,1,0,0
584.5,0,6.372466183037772,2,4,0,1,0,0,0,1,0,0,0,0,0,0
547.85,0,6.307825180133325,3,4,0,1,0,0,0,1,0,0,0,0,0,1
131.75,0,4.888467660122048,4,4,0,1,0,0,0,0,1,0,0,0,1,0
183.72,1,5.21884116504624,4,4,0,1,0,0,0,0,0,0,1,0,0,0
306.58,1,5.728735216011778,3,4,0,1,0,0,0,0,0,1,0,1,0,0
518.56,0,6.252982299539083,3,4,0,1,0,0,0,1,0,0,0,0,0,0
529.07,0,6.273009073296668,4,4,0,1,0,0,0,1,0,0,0,0,0,1
125.34,0,4.838976685470555,4,4,0,1,0,0,0,0,1,0,0,0,1,0
98.52,0,4.600358628990869,4,4,0,1,0,0,0,0,0,0,1,0,0,0
321.19,0,5.775141433638012,3,4,0,1,0,0,0,0,0,1,0,1,0,0
538.89,0,6.291365415104199,4,4,0,1,0,0,0,1,0,0,0,0,0,0
810.59,1,6.698995286535189,0,4,0,1,0,0,0,1,0,0,0,0,0,1
132.21,1,4.891926830363372,4,4,0,1,0,0,0,0,1,0,0,0,1,0
222.87,0,5.41106552623979,4,4,0,1,0,0,0,0,0,1,0,1,0,0
546.38,0,6.305143259585438,3,4,0,1,0,0,0,1,0,0,0,0,0,0
644.18,0,6.46952934763049,3,4,0,1,0,0,0,1,0,0,0,0,0,1
226.26,0,5.426094736489863,3,4,0,1,0,0,0,0,1,0,0,0,1,0
184.7,0,5.22413246835866,3,4,0,1,0,0,0,0,0,0,1,0,0,0
300.44,1,5.708570991387998,3,4,0,1,0,0,0,0,0,1,0,1,0,0
379.79,0,5.942248042068195,4,4,0,1,0,0,0,1,0,0,0,0,0,0
478.72,0,6.1732026003635205,4,4,0,1,0,0,0,1,0,0,0,0,0,1
152.03,0,5.0306339806029445,4,4,0,1,0,0,0,0,1,0,0,0,1,0
243.25,0,5.498192290922892,2,4,0,1,0,0,0,0,0,0,1,0,0,0
203.89,0,5.322473249759108,3,4,0,1,0,0,0,0,0,1,0,1,0,0
391.82,0,5.973351491681055,4,4,0,1,0,0,0,1,0,0,0,0,0,0
380.1,0,5.943061807879815,4,4,0,1,0,0,0,1,0,0,0,0,0,1
226.56,0,5.427413939882447,3,4,0,1,0,0,0,0,1,0,0,0,1,0
240.36,0,5.486289594850806,3,4,0,1,0,0,0,0,0,0,1,0,0,0
172.09,0,5.153811690438308,4,4,0,1,0,0,0,0,0,1,0,1,0,0
623.31,0,6.436647039879506,3,4,0,1,0,0,1,1,0,0,0,0,0,0
688.67,0,6.5362132223185325,4,4,0,1,0,0,1,1,0,0,0,0,0,1
81.07,0,4.4075725416416205,4,4,0,1,0,0,1,0,1,0,0,0,1,0
204.4,0,5.324959297494458,3,4,0,1,0,0,1,0,0,0,1,0,0,0
349.83,0,5.860301775655642,3,4,0,1,0,0,1,0,0,1,0,1,0,0
472.98,0,6.161165126712054,4,4,0,1,0,0,0,1,0,0,0,0,0,0
640.27,0,6.46345058508243,2,4,0,1,0,0,0,1,0,0,0,0,0,1
202.07,0,5.313550747188626,3,4,0,1,0,0,0,0,1,0,0,0,1,0
214.99,0,5.375232110316162,2,4,0,1,0,0,0,0,0,0,1,0,0,0
208.34,0,5.343959724426738,4,4,0,1,0,0,0,0,0,1,0,1,0,0
673.52,0,6.514001326801984,2,4,0,1,0,0,0,1,0,0,0,0,0,0
574.74,0,6.35565616990037,4,4,0,1,0,0,0,1,0,0,0,0,0,1
182.67,0,5.213140669140444,4,4,0,1,0,0,0,0,0,0,1,0,0,0
1325.04,0,7.189952336203345,4,4,0,1,0,0,0,0,0,1,0,1,0,0
634.82,0,6.454915504414799,3,4,0,1,0,0,0,1,0,0,0,0,0,0
645.49,0,6.471557730188184,3,4,0,1,0,0,0,1,0,0,0,0,0,1
244.42,0,5.5029710285484015,3,4,0,1,0,0,0,0,1,0,0,0,1,0
141.89,0,4.9620751034808785,4,4,0,1,0,0,0,0,0,0,1,0,0,0
231.07,0,5.447039050294667,4,4,0,1,0,0,0,0,0,1,0,1,0,0
495.64,0,6.2078654175548,4,4,0,1,0,0,0,1,0,0,0,0,0,0
617.24,0,6.426876731584098,4,4,0,1,0,0,0,1,0,0,0,0,0,1
215.15,0,5.3759726111136406,3,4,0,1,0,0,0,0,1,0,0,0,1,0
289.18,0,5.670501420087539,3,4,0,1,0,0,0,0,0,0,1,0,0,0
384.13,0,5.953580939630349,2,4,0,1,0,0,0,0,0,1,0,1,0,0
390.68,0,5.970445179883907,4,4,0,1,0,0,0,1,0,0,0,0,0,0
456.61,1,6.126017292973665,3,4,0,1,0,0,0,1,0,0,0,0,0,1
110.9,0,4.71760561531788,4,4,0,1,0,0,0,0,1,0,0,0,1,0
155.25,0,5.051457288616511,4,4,0,1,0,0,0,0,0,1,0,1,0,0
454.9,0,6.122273487219395,3,4,0,1,0,0,0,1,0,0,0,0,0,0
449.84,0,6.111112509373878,3,4,0,1,0,0,0,1,0,0,0,0,0,1
139.28,0,4.943640425271977,3,4,0,1,0,0,0,0,1,0,0,0,1,0
147.5,0,5.000584958242754,4,4,0,1,0,0,0,0,0,0,1,0,0,0
305.87,0,5.726424205137025,2,4,0,1,0,0,0,0,0,1,0,1,0,0
563.97,0,6.336772632391594,3,4,0,1,0,0,0,1,0,0,0,0,0,0
417.58,0,6.036868030561831,4,4,0,1,0,0,0,1,0,0,0,0,0,1
220.54,0,5.400603160088787,3,4,0,1,0,0,0,0,1,0,0,0,1,0
267.39,0,5.592441146579294,1,4,0,1,0,0,0,0,0,0,1,0,0,0
303.44,0,5.718474023399191,2,4,0,1,0,0,0,0,0,1,0,1,0,0
723.21,0,6.585081405576444,1,4,0,1,0,0,0,1,0,0,0,0,0,0
483.25,0,6.182601302287106,4,4,0,1,0,0,0,1,0,0,0,0,0,1
200.03,0,5.303454150653189,3,4,0,1,0,0,0,0,1,0,0,0,1,0
345.51,0,5.847911678242375,2,4,0,1,0,0,0,0,0,0,1,0,0,0
574.37,0,6.355013312114854,3,4,0,1,0,0,0,1,0,0,0,0,0,0
581.32,0,6.3670201248100025,3,4,0,1,0,0,0,1,0,0,0,0,0,1
137.67,0,4.932097009765773,4,4,0,1,0,0,0,0,1,0,0,0,1,0
188.75,1,5.2457074162757396,4,4,0,1,0,0,0,0,0,0,1,0,0,0
373.63,0,5.925938872227775,2,4,0,1,0,0,0,0,0,1,0,1,0,0
526.8,0,6.268717424069224,4,4,0,1,0,0,0,1,0,0,0,0,0,0
618.17,0,6.428379871489394,3,4,0,1,0,0,0,1,0,0,0,0,0,1
269.1,0,5.59879226079857,3,4,0,1,0,0,0,0,1,0,0,0,1,0
152.53,0,5.033895987670808,4,4,0,1,0,0,0,0,0,0,1,0,0,0
194.29,0,5.274485633294691,4,4,0,1,0,0,0,0,0,1,0,1,0,0
520.59,0,6.256881838649521,3,4,0,1,0,0,0,1,0,0,0,0,0,0
533.31,0,6.280976194865692,4,4,0,1,0,0,0,1,0,0,0,0,0,1
199.18,1,5.299216961790873,3,4,0,1,0,0,0,0,1,0,0,0,1,0
326.9,1,5.792708683850602,1,4,0,1,0,0,0,0,0,0,1,0,0,0
249.11,0,5.5219008210906315,4,4,0,1,0,0,0,0,0,1,0,1,0,0
452.18,0,6.116289397553412,3,4,0,1,0,0,0,1,0,0,0,0,0,0
496.37,0,6.209334215919483,4,4,0,1,0,0,0,1,0,0,0,0,0,1
128.66,1,4.864915639746849,4,4,0,1,0,0,0,0,1,0,0,0,1,0
310.76,0,5.742233661030454,1,4,0,1,0,0,0,0,0,0,1,0,0,0
249.74,0,5.524416545687879,2,4,0,1,0,0,0,0,0,1,0,1,0,0
450.64,0,6.112885402312322,3,4,0,1,0,0,0,1,0,0,0,0,0,0
430.05,1,6.066224092655934,3,4,0,1,0,0,0,1,0,0,0,0,0,1
127.63,0,4.856940066090624,4,4,0,1,0,0,0,0,0,0,1,0,0,0
194.81,1,5.277144801315235,3,4,0,1,0,0,0,0,0,1,0,1,0,0
643.33,0,6.468211017221098,1,4,0,1,0,0,0,1,0,0,0,0,0,0
558.07,1,6.326274688928873,3,4,0,1,0,0,0,1,0,0,0,0,0,1
190.06,0,5.252587514841863,3,4,0,1,0,0,0,0,1,0,0,0,1,0
209.43,0,5.3491530562505325,3,4,0,1,0,0,0,0,0,0,1,0,0,0
159.72,1,5.079663720506679,4,4,0,1,0,0,0,0,0,1,0,1,0,0
386.53,0,5.959793265151517,4,4,0,1,0,0,0,1,0,0,0,0,0,0
504.77,0,6.226082020495819,3,4,0,1,0,0,0,1,0,0,0,0,0,1
157.1,0,5.0632277442154265,4,4,0,1,0,0,0,0,1,0,0,0,1,0
258.53,0,5.558872302860393,0,4,0,1,0,0,0,0,0,0,1,0,0,0
247.56,0,5.515684265084792,4,4,0,1,0,0,0,0,0,1,0,1,0,0
619.34,0,6.430267714826657,3,4,0,1,0,0,0,1,0,0,0,0,0,0
327.25,1,5.793775513182905,3,4,0,1,0,0,0,0,0,0,1,0,0,0
223.43,0,5.413563854552423,4,4,0,1,0,0,0,0,0,1,0,1,0,0
476.76,0,6.1691085143508255,4,4,0,1,0,0,0,1,0,0,0,0,0,0
621.39,0,6.433566905897062,3,4,0,1,0,0,0,1,0,0,0,0,0,1
151.97,0,5.0302418237351745,3,4,0,1,0,0,0,0,1,0,0,0,1,0
107.44,0,4.686197024630465,4,4,0,1,0,0,0,0,0,0,1,0,0,0
210.67,0,5.355028458132079,4,4,0,1,0,0,0,0,0,1,0,1,0,0
498.06,0,6.212726329004173,4,4,0,1,0,0,0,1,0,0,0,0,0,0
580.93,0,6.366350165583741,3,4,0,1,0,0,0,1,0,0,0,0,0,1
187.07,0,5.236814233953987,4,4,0,1,0,0,0,0,0,0,1,0,0,0
305.04,0,5.723715812363651,4,4,0,1,0,0,0,0,0,1,0,1,0,0
497.25,0,6.211101959092904,2,4,0,1,0,0,0,1,0,0,0,0,0,0
506.56,0,6.229614930528713,3,4,0,1,0,0,0,1,0,0,0,0,0,1
167.17,0,5.124975372534658,3,4,0,1,0,0,0,0,1,0,0,0,1,0
77.08,0,4.357733942104837,4,4,0,1,0,0,0,0,0,0,1,0,0,0
245.09,0,5.505697322682768,3,4,0,1,0,0,0,0,0,1,0,1,0,0
459.81,0,6.132985810535098,3,4,0,1,0,0,0,1,0,0,0,0,0,0
481.16,0,6.178276009174788,3,4,0,1,0,0,0,1,0,0,0,0,0,1
50.0,0,3.9318256327243257,4,4,0,1,0,0,0,0,1,0,0,0,1,0
101.64,1,4.631227720307381,4,4,0,1,0,0,0,0,0,0,1,0,0,0
266.51,0,5.589156948814898,2,4,0,1,0,0,0,0,0,1,0,1,0,0
564.43,0,6.337586503632556,4,5,0,1,0,0,1,1,0,0,0,0,0,0
565.53,0,6.339530035817887,4,5,0,1,0,0,1,1,0,0,0,0,0,1
153.09,0,5.037536847293762,4,5,0,1,0,0,1,0,1,0,0,0,1,0
289.73,0,5.672395001414569,3,5,0,1,0,0,1,0,0,0,1,0,0,0
298.97,0,5.703682469655868,4,5,0,1,0,0,1,0,0,1,0,1,0,0
464.43,0,6.142961709469677,4,5,0,1,0,0,0,1,0,0,0,0,0,0
818.23,0,6.708364874708457,0,5,0,1,0,0,0,1,0,0,0,0,0,1
136.33,0,4.922386788542191,4,5,0,1,0,0,0,0,1,0,0,0,1,0
302.72,0,5.716106224345033,1,5,0,1,0,0,0,0,0,0,1,0,0,0
336.57,0,5.821772896214049,2,5,0,1,0,0,0,0,0,1,0,1,0,0
454.67,1,6.121768863318037,4,5,0,1,0,0,0,1,0,0,0,0,0,0
512.02,0,6.240314830765597,4,5,0,1,0,0,0,1,0,0,0,0,0,1
188.98,0,5.246918803462036,4,5,0,1,0,0,0,0,1,0,0,0,1,0
182.69,0,5.213249554157973,4,5,0,1,0,0,0,0,0,0,1,0,0,0
199.49,0,5.3007643701910885,4,5,0,1,0,0,0,0,0,1,0,1,0,0
508.59,0,6.233606480831506,4,5,0,1,0,0,0,1,0,0,0,0,0,0
665.5,0,6.502040139618764,3,5,0,1,0,0,0,1,0,0,0,0,0,1
209.5,0,5.349485653122436,3,5,0,1,0,0,0,0,1,0,0,0,1,0
310.39,1,5.7410461458463695,2,5,0,1,0,0,0,0,0,0,1,0,0,0
569.33,0,6.346215140671645,4,5,0,1,0,0,0,1,0,0,0,0,0,0
596.12,1,6.3921180982189245,4,5,0,1,0,0,0,1,0,0,0,0,0,1
194.97,1,5.277961586290963,4,5,0,1,0,0,0,0,1,0,0,0,1,0
193.72,0,5.2715626292392175,4,5,0,1,0,0,0,0,0,0,1,0,0,0
229.08,0,5.438427074532682,4,5,0,1,0,0,0,0,0,1,0,1,0,0
374.84,0,5.929163520910603,4,5,0,1,0,0,0,1,0,0,0,0,0,0
655.07,0,6.486267490568341,1,5,0,1,0,0,0,1,0,0,0,0,0,1
151.66,0,5.028213226370324,3,5,0,1,0,0,0,0,1,0,0,0,1,0
277.22,0,5.628412167631424,1,5,0,1,0,0,0,0,0,0,1,0,0,0
116.33,0,4.764990477435532,4,5,0,1,0,0,0,0,0,1,0,1,0,0
395.33,1,5.982247197558372,3,5,0,1,0,0,0,1,0,0,0,0,0,0
468.22,0,6.1510717416168195,4,5,0,1,0,0,0,1,0,0,0,0,0,1
90.69,1,4.518413322061809,4,5,0,1,0,0,0,0,1,0,0,0,1,0
69.37,0,4.253767035978457,4,5,0,1,0,0,0,0,0,0,1,0,0,0
116.97,0,4.770430354853751,4,5,0,1,0,0,0,0,0,1,0,1,0,0
431.34,0,6.0692123157299065,4,5,0,1,0,0,0,1,0,0,0,0,0,0
488.07,1,6.192505628514245,4,5,0,1,0,0,0,1,0,0,0,0,0,1
246.31,0,5.510642610426367,1,5,0,1,0,0,0,0,1,0,0,0,1,0
136.07,0,4.920491744243289,4,5,0,1,0,0,0,0,0,0,1,0,0,0
530.78,0,6.276229869978361,3,5,0,1,0,0,0,1,0,0,0,0,0,0
495.73,0,6.208046618920346,3,5,0,1,0,0,0,1,0,0,0,0,0,1
91.21,0,4.52406858455105,4,5,0,1,0,0,0,0,1,0,0,0,1,0
222.62,0,5.409948182719222,2,5,0,1,0,0,0,0,0,0,1,0,0,0
196.6,0,5.286244785313768,4,5,0,1,0,0,0,0,0,1,0,1,0,0
625.33,1,6.439877388751418,4,5,0,1,0,0,0,1,0,0,0,0,0,0
591.96,0,6.385126943096995,4,5,0,1,0,0,0,1,0,0,0,0,0,1
131.39,0,4.885752111949565,4,5,0,1,0,0,0,0,1,0,0,0,1,0
214.27,0,5.371893054206356,4,5,0,1,0,0,0,0,0,0,1,0,0,0
345.82,1,5.848805913370403,3,5,0,1,0,0,0,0,0,1,0,1,0,0
618.36,0,6.428686686829338,3,5,0,1,0,0,0,1,0,0,0,0,0,0
642.93,0,6.467590024544379,3,5,0,1,0,0,0,1,0,0,0,0,0,1
262.39,1,5.573635823516355,3,5,0,1,0,0,0,0,1,0,0,0,1,0
283.1,0,5.649326288860142,3,5,0,1,0,0,0,0,0,0,1,0,0,0
197.45,0,5.290537179229075,4,5,0,1,0,0,0,0,0,1,0,1,0,0
453.09,0,6.118295416280278,4,5,0,1,0,0,0,1,0,0,0,0,0,0
727.1,0,6.590438401400665,0,5,0,1,0,0,0,1,0,0,0,0,0,1
139.41,0,4.944566714126551,3,5,0,1,0,0,0,0,1,0,0,0,1,0
213.3,0,5.367376902479531,3,5,0,1,0,0,0,0,0,0,1,0,0,0
155.66,0,5.054077851939092,4,5,0,1,0,0,0,0,0,1,0,1,0,0
411.03,0,6.021096162232585,4,5,0,1,0,0,0,1,0,0,0,0,0,0
434.27,1,6.075966528195703,4,5,0,1,0,0,0,1,0,0,0,0,0,1
99.87,0,4.613832559066744,4,5,0,1,0,0,0,0,1,0,0,0,1,0
119.02,0,4.787658395561367,4,5,0,1,0,0,0,0,0,0,1,0,0,0
239.66,0,5.483385149010016,4,5,0,1,0,0,0,0,0,1,0,1,0,0
464.53,0,6.143176541471878,4,5,0,1,0,0,0,1,0,0,0,0,0,0
586.15,0,6.37528032381109,0,5,0,1,0,0,0,1,0,0,0,0,0,1
113.27,1,4.738564069158622,4,5,0,1,0,0,0,0,1,0,0,0,1,0
114.84,0,4.752209928637407,4,5,0,1,0,0,0,0,0,0,1,0,0,0
206.61,1,5.335661319688458,4,5,0,1,0,0,0,0,0,1,0,1,0,0
432.2,0,6.071199515126835,3,5,0,1,0,0,0,1,0,0,0,0,0,0
474.08,0,6.16348321090604,3,5,0,1,0,0,0,1,0,0,0,0,0,1
132.47,1,4.89387673348606,3,5,0,1,0,0,0,0,1,0,0,0,1,0
112.51,0,4.731890938767248,4,5,0,1,0,0,0,0,0,0,1,0,0,0
204.69,0,5.326370180990072,4,5,0,1,0,0,0,0,0,1,0,1,0,0
543.99,1,6.3007674458710525,3,5,0,1,0,0,0,1,0,0,0,0,0,0
565.91,1,6.340200560970057,3,5,0,1,0,0,0,1,0,0,0,0,0,1
208.97,0,5.346964663369558,3,5,0,1,0,0,0,0,1,0,0,0,1,0
165.88,0,5.117274991252462,4,5,0,1,0,0,0,0,0,0,1,0,0,0
244.0,0,5.501258210544727,3,5,0,1,0,0,0,0,0,1,0,1,0,0
544.45,0,6.3016111420437655,3,5,0,1,0,0,0,1,0,0,0,0,0,0
593.17,0,6.387165473702781,4,5,0,1,0,0,0,1,0,0,0,0,0,1
103.3,0,4.647271362006727,4,5,0,1,0,0,0,0,1,0,0,0,1,0
210.71,0,5.355217413680848,3,5,0,1,0,0,0,0,0,0,1,0,0,0
1621.89,0,7.3919637894937456,3,5,0,1,0,0,0,0,0,1,0,1,0,0
747.62,0,6.618231511650985,2,5,0,1,0,0,0,1,0,0,0,0,0,0
579.8,0,6.364406463510586,4,5,0,1,0,0,0,1,0,0,0,0,0,1
183.49,1,5.217595261469674,3,5,0,1,0,0,0,0,1,0,0,0,1,0
240.43,0,5.486579576004063,2,5,0,1,0,0,0,0,0,0,1,0,0,0
523.62,0,6.2626741909912305,4,5,0,1,0,0,0,1,0,0,0,0,0,0
856.53,0,6.75405616385086,0,5,0,1,0,0,0,1,0,0,0,0,0,1
50.0,0,3.9318256327243257,4,5,0,1,0,0,0,0,1,0,0,0,1,0
303.4,0,5.718342625987531,3,5,0,1,0,0,0,0,0,1,0,1,0,0
468.34,0,6.151327452494449,3,5,0,1,0,0,0,1,0,0,0,0,0,0
438.21,0,6.084977658606428,4,5,0,1,0,0,0,1,0,0,0,0,0,1
197.0,0,5.288267030694535,3,5,0,1,0,0,0,0,1,0,0,0,1,0
139.96,0,4.94847616218787,4,5,0,1,0,0,0,0,0,0,1,0,0,0
263.06,0,5.576176350051055,2,5,0,1,0,0,0,0,0,1,0,1,0,0
440.42,0,6.0899968031722285,4,5,0,1,0,0,0,1,0,0,0,0,0,0
370.05,0,5.916336824416143,4,5,0,1,0,0,0,1,0,0,0,0,0,1
209.51,1,5.349533157932307,2,5,0,1,0,0,0,0,1,0,0,0,1,0
214.4,1,5.372496764722288,1,5,0,1,0,0,0,0,0,0,1,0,0,0
258.1,1,5.557214087568064,4,5,0,1,0,0,0,0,0,1,0,1,0,0
695.66,1,6.54629748686697,2,5,0,1,0,0,1,1,0,0,0,0,0,0
684.96,0,6.530819316987946,3,5,0,1,0,0,1,1,0,0,0,0,0,1
260.47,0,5.566319554170473,2,5,0,1,0,0,1,0,1,0,0,0,1,0
170.3,1,5.143416405330075,4,5,0,1,0,0,1,0,0,0,1,0,0,0
263.84,0,5.579125870056645,4,5,0,1,0,0,1,0,0,1,0,1,0,0
715.13,0,6.573861714725663,1,5,0,1,0,0,0,1,0,0,0,0,0,0
453.13,1,6.118383500665175,4,5,0,1,0,0,0,1,0,0,0,0,0,1
85.61,0,4.461415282342953,4,5,0,1,0,0,0,0,1,0,0,0,1,0
145.29,0,4.985590952989995,4,5,0,1,0,0,0,0,0,0,1,0,0,0
219.8,0,5.39725731440294,4,5,0,1,0,0,0,0,0,1,0,1,0,0
463.86,0,6.1417362849862815,4,5,0,1,0,0,0,1,0,0,0,0,0,0
2159.34,0,7.678020895698372,4,5,0,1,0,0,0,1,0,0,0,0,0,1
225.2,0,5.42141956368202,3,5,0,1,0,0,0,0,1,0,0,0,1,0
278.93,0,5.634539571914041,3,5,0,1,0,0,0,0,0,0,1,0,0,0
266.02,0,5.587323561961949,4,5,0,1,0,0,0,0,0,1,0,1,0,0
701.65,0,6.554858901546754,2,5,0,1,0,0,0,1,0,0,0,0,0,0
531.59,1,6.277751897386816,4,5,0,1,0,0,0,1,0,0,0,0,0,1
817.15,0,6.707045693874904,3,5,0,1,0,0,0,0,1,0,0,0,1,0
226.17,0,5.425698635875129,3,5,0,1,0,0,0,0,0,0,1,0,0,0
439.14,0,6.087092858121389,2,5,0,1,0,0,0,0,0,1,0,1,0,0
597.28,1,6.394058871791126,4,5,0,1,0,0,0,1,0,0,0,0,0,0
492.41,0,6.201340471421287,4,5,0,1,0,0,0,1,0,0,0,0,0,1
220.57,0,5.400738566647185,4,5,0,1,0,0,0,0,1,0,0,0,1,0
198.86,0,5.297617121433643,4,5,0,1,0,0,0,0,0,0,1,0,0,0
378.09,0,5.937773643910067,3,5,0,1,0,0,0,0,0,1,0,1,0,0
497.03,0,6.210660316174094,3,5,0,1,0,0,0,1,0,0,0,0,0,0
470.54,0,6.156003934106138,3,5,0,1,0,0,0,1,0,0,0,0,0,1
267.55,1,5.593037116351469,1,5,0,1,0,0,0,0,1,0,0,0,1,0
113.88,1,4.743888105299914,4,5,0,1,0,0,0,0,0,0,1,0,0,0
189.7,0,5.250701512606374,4,5,0,1,0,0,0,0,0,1,0,1,0,0
469.34,0,6.153455837428686,2,5,0,1,0,0,0,1,0,0,0,0,0,0
569.96,1,6.347319154662812,2,5,0,1,0,0,0,1,0,0,0,0,0,1
100.06,0,4.615714399863762,4,5,0,1,0,0,0,0,1,0,0,0,1,0
221.85,0,5.406498899392565,2,5,0,1,0,0,0,0,0,0,1,0,0,0
454.42,0,6.121220070100518,3,5,0,1,0,0,0,1,0,0,0,0,0,0
476.89,1,6.169380580485503,3,5,0,1,0,0,0,1,0,0,0,0,0,1
132.34,0,4.892902257189914,4,5,0,1,0,0,0,0,0,0,1,0,0,0
197.75,0,5.292047753534441,3,5,0,1,0,0,0,0,0,1,0,1,0,0
396.59,0,5.985421323560697,4,5,0,1,0,0,0,1,0,0,0,0,0,0
450.74,0,6.113106793090086,4,5,0,1,0,0,0,1,0,0,0,0,0,1
147.84,0,5.002871903478422,3,5,0,1,0,0,0,0,1,0,0,0,1,0
219.52,0,5.395988393721483,3,5,0,1,0,0,0,0,0,0,1,0,0,0
357.1,0,5.880812277004387,2,5,0,1,0,0,0,0,0,1,0,1,0,0
637.23,0,6.458698719947111,4,5,0,1,0,0,0,1,0,0,0,0,0,0
567.75,0,6.34344097026516,4,5,0,1,0,0,0,1,0,0,0,0,0,1
161.97,0,5.093566134787897,3,5,0,1,0,0,0,0,1,0,0,0,1,0
137.24,0,4.928991305055746,4,5,0,1,0,0,0,0,0,0,1,0,0,0
202.56,0,5.315960801720632,4,5,0,1,0,0,0,0,0,1,0,1,0,0
592.3,0,6.385700173264597,4,6,0,0,1,0,0,1,0,0,0,0,0,0
668.05,1,6.5058587957509975,4,6,0,0,1,0,0,1,0,0,0,0,0,1
352.59,0,5.8681380498206,4,6,0,0,1,0,0,0,1,0,0,0,1,0
119.81,0,4.7942190635314725,4,6,0,0,1,0,0,0,0,0,1,0,0,0
416.74,1,6.0348592294271715,3,6,0,0,1,0,0,0,0,1,0,1,0,0
692.3,0,6.541462805948445,4,6,0,0,1,0,0,1,0,0,0,0,0,0
703.36,0,6.557289589092577,3,6,0,0,1,0,0,1,0,0,0,0,0,1
172.23,0,5.154620191290849,4,6,0,0,1,0,0,0,1,0,0,0,1,0
225.96,0,5.424773790500596,4,6,0,0,1,0,0,0,0,0,1,0,0,0
401.33,0,5.997272647390958,3,6,0,0,1,0,0,0,0,1,0,1,0,0
645.5,0,6.471573198211912,2,6,0,0,1,0,0,1,0,0,0,0,0,0
533.98,0,6.282229363019668,3,6,0,0,1,0,0,1,0,0,0,0,0,1
301.98,1,5.713666796730178,1,6,0,0,1,0,0,0,1,0,0,0,1,0
216.11,0,5.380404137546146,3,6,0,0,1,0,0,0,0,0,1,0,0,0
262.4,0,5.573673789309181,4,6,0,0,1,0,0,0,0,1,0,1,0,0
466.3,0,6.14697144970638,4,6,0,0,1,0,0,1,0,0,0,0,0,0
439.06,0,6.086911081251995,4,6,0,0,1,0,0,1,0,0,0,0,0,1
218.99,0,5.393582090773818,3,6,0,0,1,0,0,0,0,0,1,0,0,0
152.58,0,5.034221603902398,4,6,0,0,1,0,0,0,0,1,0,1,0,0
529.47,1,6.2737634060308745,4,6,0,0,1,0,0,1,0,0,0,0,0,0
605.53,0,6.407754191299294,3,6,0,0,1,0,0,1,0,0,0,0,0,1
120.59,0,4.800654729308327,4,6,0,0,1,0,0,0,1,0,0,0,1,0
291.79,0,5.679455628498465,3,6,0,0,1,0,0,0,0,0,1,0,0,0
371.37,0,5.919887983618693,1,6,0,0,1,0,0,0,0,1,0,1,0,0
647.24,1,6.47426099815247,3,6,0,0,1,0,0,1,0,0,0,0,0,0
669.27,0,6.507680616282961,3,6,0,0,1,0,0,1,0,0,0,0,0,1
186.18,0,5.23207072072911,4,6,0,0,1,0,0,0,1,0,0,0,1,0
272.87,0,5.612653541245099,3,6,0,0,1,0,0,0,0,0,1,0,0,0
306.81,0,5.729482709506015,3,6,0,0,1,0,0,0,0,1,0,1,0,0
626.73,0,6.442110137713354,4,6,0,0,1,0,0,1,0,0,0,0,0,0
753.65,0,6.626254065605437,2,6,0,0,1,0,0,1,0,0,0,0,0,1
289.32,0,5.6709837629048145,3,6,0,0,1,0,0,0,1,0,0,0,1,0
233.4,0,5.457029057702858,4,6,0,0,1,0,0,0,0,0,1,0,0,0
341.81,0,5.837176357826732,3,6,0,0,1,0,0,0,0,1,0,1,0,0
641.51,0,6.465382380850588,4,6,0,0,1,0,0,1,0,0,0,0,0,0
660.91,0,6.495129595033112,4,6,0,0,1,0,0,1,0,0,0,0,0,1
265.55,0,5.58556184326877,3,6,0,0,1,0,0,0,1,0,0,0,1,0
268.58,0,5.596865192310124,3,6,0,0,1,0,0,0,0,0,1,0,0,0
365.02,0,5.902687976717136,3,6,0,0,1,0,0,0,0,1,0,1,0,0
572.69,0,6.3520891807429924,4,6,0,0,1,0,0,1,0,0,0,0,0,0
706.71,0,6.5620344052631,3,6,0,0,1,0,0,1,0,0,0,0,0,1
52.11,0,3.972365234434308,4,6,0,0,1,0,0,0,1,0,0,0,1,0
204.77,0,5.32675904017934,4,6,0,0,1,0,0,0,0,0,1,0,0,0
324.6,0,5.785669634128385,4,6,0,0,1,0,0,0,0,1,0,1,0,0
532.78,0,6.279983769052325,4,6,0,0,1,0,0,1,0,0,0,0,0,0
130.39,0,4.87816999965373,4,6,0,0,1,0,0,0,1,0,0,0,1,0
144.4,0,4.979488565099419,4,6,0,0,1,0,0,0,0,0,1,0,0,0
254.45,0,5.543026695776807,3,6,0,0,1,0,0,0,0,1,0,1,0,0
618.26,0,6.428525216805897,2,6,0,0,1,0,0,1,0,0,0,0,0,0
490.69,0,6.197848436606852,4,6,0,0,1,0,0,1,0,0,0,0,0,1
195.3,0,5.279644101282416,3,6,0,0,1,0,0,0,1,0,0,0,1,0
266.38,0,5.588670867554977,2,6,0,0,1,0,0,0,0,0,1,0,0,0
186.15,0,5.231910434350438,4,6,0,0,1,0,0,0,0,1,0,1,0,0
494.65,0,6.205870032478907,4,6,0,0,1,0,0,1,0,0,0,0,0,0
522.85,0,6.261205383798974,4,6,0,0,1,0,0,1,0,0,0,0,0,1
211.23,0,5.357670592247549,4,6,0,0,1,0,0,0,1,0,0,0,1,0
158.15,1,5.069847153728102,3,6,0,0,1,0,0,0,0,0,1,0,0,0
234.92,0,5.463492764507021,4,6,0,0,1,0,0,0,0,1,0,1,0,0
476.47,0,6.168501330721941,4,6,0,0,1,0,0,1,0,0,0,0,0,0
618.1,0,6.428266810525186,4,6,0,0,1,0,0,1,0,0,0,0,0,1
149.62,0,5.014760108673205,4,6,0,0,1,0,0,0,1,0,0,0,1,0
174.0,0,5.1647859739235145,4,6,0,0,1,0,0,0,0,0,1,0,0,0
176.93,1,5.181390214518745,4,6,0,0,1,0,0,0,0,1,0,1,0,0
670.58,0,6.509633145129231,4,6,0,0,1,0,0,1,0,0,0,0,0,0
642.4,0,6.466766614804926,4,6,0,0,1,0,0,1,0,0,0,0,0,1
204.54,0,5.3256406621969266,3,6,0,0,1,0,0,0,1,0,0,0,1,0
143.29,0,4.971825163309164,4,6,0,0,1,0,0,0,0,0,1,0,0,0
221.11,1,5.403172754650417,4,6,0,0,1,0,0,0,0,1,0,1,0,0
783.34,0,6.664842599810635,1,6,0,0,1,0,0,1,0,0,0,0,0,0
664.16,0,6.5000276132197135,3,6,0,0,1,0,0,1,0,0,0,0,0,1
302.23,0,5.714491593464553,4,6,0,0,1,0,0,0,1,0,0,0,1,0
195.63,0,5.281323790171466,4,6,0,0,1,0,0,0,0,0,1,0,0,0
215.22,0,5.376296407864626,4,6,0,0,1,0,0,0,0,1,0,1,0,0
598.8,0,6.3965962663149085,4,6,0,0,1,0,0,1,0,0,0,0,0,0
1081.49,1,6.987019221958687,0,6,0,0,1,0,0,1,0,0,0,0,0,1
283.48,1,5.65066295232554,3,6,0,0,1,0,0,0,1,0,0,0,1,0
197.59,0,5.291242397876073,3,6,0,0,1,0,0,0,0,0,1,0,0,0
382.31,1,5.948844061271341,3,6,0,0,1,0,0,0,0,1,0,1,0,0
754.6,1,6.627512135627354,3,6,0,0,1,0,1,1,0,0,0,0,0,0
669.72,0,6.508351762252568,4,6,0,0,1,0,1,1,0,0,0,0,0,1
289.78,0,5.672566967503279,4,6,0,0,1,0,1,0,1,0,0,0,1,0
169.14,0,5.136621627547738,4,6,0,0,1,0,1,0,0,0,1,0,0,0
398.19,0,5.98943749402335,2,6,0,0,1,0,1,0,0,1,0,1,0,0
574.47,0,6.355187098219355,3,6,0,0,1,0,0,1,0,0,0,0,0,0
565.98,0,6.340324029737025,3,6,0,0,1,0,0,1,0,0,0,0,0,1
170.91,0,5.146971084053402,4,6,0,0,1,0,0,0,1,0,0,0,1,0
160.29,0,5.0832039869290915,4,6,0,0,1,0,0,0,0,0,1,0,0,0
356.24,0,5.878407824815685,2,6,0,0,1,0,0,0,0,1,0,1,0,0
478.97,0,6.173723601948731,4,6,0,0,1,0,0,1,0,0,0,0,0,0
521.12,0,6.257897446520589,3,6,0,0,1,0,0,1,0,0,0,0,0,1
414.83,0,6.030276522893371,0,6,0,0,1,0,0,0,1,0,0,0,1,0
319.35,1,5.769414148085031,3,6,0,0,1,0,0,0,0,0,1,0,0,0
265.34,0,5.584773688073999,4,6,0,0,1,0,0,0,0,1,0,1,0,0
509.55,0,6.235488576001547,4,6,0,0,1,0,0,1,0,0,0,0,0,0
474.73,0,6.164850466406631,4,6,0,0,1,0,0,1,0,0,0,0,0,1
175.28,0,5.172073639973786,4,6,0,0,1,0,0,0,1,0,0,0,1,0
282.83,1,5.648375467384462,3,6,0,0,1,0,0,0,0,0,1,0,0,0
227.59,0,5.431930005871957,4,6,0,0,1,0,0,0,0,1,0,1,0,0
584.89,0,6.373132058646084,4,6,0,0,1,0,0,1,0,0,0,0,0,0
457.37,1,6.127676718232733,4,6,0,0,1,0,0,1,0,0,0,0,0,1
320.04,0,5.771565725958661,2,6,0,0,1,0,0,0,1,0,0,0,1,0
253.9,1,5.54087131138207,3,6,0,0,1,0,0,0,0,0,1,0,0,0
395.4,0,5.982423802455833,2,6,0,0,1,0,0,0,0,1,0,1,0,0
715.68,0,6.574629436931697,3,6,0,0,1,0,0,1,0,0,0,0,0,0
499.94,0,6.216486333433964,4,6,0,0,1,0,0,1,0,0,0,0,0,1
341.63,0,5.836651147730626,3,6,0,0,1,0,0,0,1,0,0,0,1,0
306.39,1,5.728117299670995,2,6,0,0,1,0,0,0,0,0,1,0,0,0
551.53,0,6.314507730560324,1,6,0,0,1,0,0,0,0,1,0,1,0,0
631.16,0,6.44914252666308,4,6,0,0,1,0,0,1,0,0,0,0,0,0
721.28,0,6.582412875347679,3,6,0,0,1,0,0,1,0,0,0,0,0,1
190.74,0,5.256140287648851,4,6,0,0,1,0,0,0,1,0,0,0,1,0
149.54,0,5.0142288296063855,4,6,0,0,1,0,0,0,0,0,1,0,0,0
192.09,0,5.263156401454447,4,6,0,0,1,0,0,0,0,1,0,1,0,0
620.5,0,6.432135910950766,3,6,0,0,1,0,0,1,0,0,0,0,0,0
464.3,0,6.142682358850603,4,6,0,0,1,0,0,1,0,0,0,0,0,1
159.7,1,5.0795392727434665,4,6,0,0,1,0,0,0,1,0,0,0,1,0
184.84,1,5.224886088462154,3,6,0,0,1,0,0,0,0,0,1,0,0,0
223.37,0,5.413296474871686,4,6,0,0,1,0,0,0,0,1,0,1,0,0
567.78,0,6.34349371612682,4,6,0,0,1,0,0,1,0,0,0,0,0,0
436.21,0,6.080413628867886,4,6,0,0,1,0,0,1,0,0,0,0,0,1
115.94,0,4.761660982747524,4,6,0,0,1,0,0,0,1,0,0,0,1,0
332.69,1,5.810212418272048,1,6,0,0,1,0,0,0,0,0,1,0,0,0
258.96,1,5.560527773026148,4,6,0,0,1,0,0,0,0,1,0,1,0,0
517.64,0,6.25121000086674,4,6,0,0,1,0,0,1,0,0,0,0,0,0
651.28,0,6.480473917593076,3,6,0,0,1,0,0,1,0,0,0,0,0,1
120.84,0,4.8027087085869065,4,6,0,0,1,0,0,0,1,0,0,0,1,0
374.49,0,5.928231839691119,2,6,0,0,1,0,0,0,0,1,0,1,0,0
551.24,0,6.31398273439522,4,6,0,0,1,0,0,1,0,0,0,0,0,0
582.42,0,6.36890733864238,4,6,0,0,1,0,0,1,0,0,0,0,0,1
157.09,0,5.063164491108096,4,6,0,0,1,0,0,0,1,0,0,0,1,0
426.11,0,6.057041591293764,0,6,0,0,1,0,0,0,0,0,1,0,0,0
272.38,0,5.610862768724507,4,6,0,0,1,0,0,0,0,1,0,1,0,0
597.12,0,6.393791402715643,4,6,0,0,1,0,0,1,0,0,0,0,0,0
788.88,0,6.6718810351891085,1,6,0,0,1,0,0,1,0,0,0,0,0,1
265.14,0,5.584022486115597,3,6,0,0,1,0,0,0,1,0,0,0,1,0
216.21,0,5.380864627515602,4,6,0,0,1,0,0,0,0,0,1,0,0,0
233.09,0,5.45570565679678,4,6,0,0,1,0,0,0,0,1,0,1,0,0
897.37,0,6.800582010168555,1,6,0,0,1,0,0,1,0,0,0,0,0,0
626.09,0,6.441090071001801,4,6,0,0,1,0,0,1,0,0,0,0,0,1
292.64,0,5.68235452724258,3,6,0,0,1,0,0,0,1,0,0,0,1,0
202.45,0,5.315420274447699,4,6,0,0,1,0,0,0,0,0,1,0,0,0
396.13,0,5.984263683004597,2,6,0,0,1,0,0,0,0,1,0,1,0,0
573.8,0,6.35402215420487,4,6,0,0,1,0,0,1,0,0,0,0,0,0
585.29,0,6.373814547710095,4,6,0,0,1,0,0,1,0,0,0,0,0,1
321.02,1,5.774613655416792,3,6,0,0,1,0,0,0,0,0,1,0,0,0
489.57,0,6.195567980341956,3,6,0,0,1,0,0,0,0,1,0,1,0,0
527.98,0,6.270950623960225,3,7,0,0,1,0,0,1,0,0,0,0,0,0
615.97,0,6.424820400356994,3,7,0,0,1,0,0,1,0,0,0,0,0,1
150.59,1,5.021179507971927,4,7,0,0,1,0,0,0,1,0,0,0,1,0
159.13,0,5.075985985334385,4,7,0,0,1,0,0,0,0,0,1,0,0,0
198.27,1,5.294660689044493,4,7,0,0,1,0,0,0,0,1,0,1,0,0
580.09,1,6.364905650190947,3,7,0,0,1,0,0,1,0,0,0,0,0,1
264.01,0,5.579767561123299,2,7,0,0,1,0,0,0,1,0,0,0,1,0
246.39,0,5.5109660387695945,2,7,0,0,1,0,0,0,0,0,1,0,0,0
320.61,0,5.77333963134875,2,7,0,0,1,0,0,0,0,1,0,1,0,0
642.76,0,6.467325985837878,3,7,0,0,1,0,0,1,0,0,0,0,0,0
555.69,0,6.322008532031898,3,7,0,0,1,0,0,1,0,0,0,0,0,1
263.6,0,5.5782192516808555,3,7,0,0,1,0,0,0,1,0,0,0,1,0
98.83,0,4.603468739348334,4,7,0,0,1,0,0,0,0,0,1,0,0,0
344.7,0,5.845571346927579,2,7,0,0,1,0,0,0,0,1,0,1,0,0
513.43,0,6.243059491596093,4,7,0,0,1,0,0,1,0,0,0,0,0,0
727.47,1,6.590946444279426,2,7,0,0,1,0,0,1,0,0,0,0,0,1
149.23,0,5.0121674530743325,4,7,0,0,1,0,0,0,1,0,0,0,1,0
237.04,0,5.472438726776652,3,7,0,0,1,0,0,0,0,0,1,0,0,0
591.1,0,6.38367553953773,0,7,0,0,1,0,0,0,0,1,0,1,0,0
635.02,0,6.455230009386571,4,7,0,0,1,0,0,1,0,0,0,0,0,0
720.97,0,6.581983586783012,3,7,0,0,1,0,0,1,0,0,0,0,0,1
402.91,0,6.001192080866493,1,7,0,0,1,0,0,0,1,0,0,0,1,0
182.78,1,5.213739390072739,3,7,0,0,1,0,0,0,0,0,1,0,0,0
377.84,0,5.9371139523579,3,7,0,0,1,0,0,0,0,1,0,1,0,0
639.92,0,6.462904644139679,3,7,0,0,1,0,0,1,0,0,0,0,0,0
607.7,0,6.411325535499879,3,7,0,0,1,0,0,1,0,0,0,0,0,1
338.69,0,5.828033436994058,3,7,0,0,1,0,0,0,1,0,0,0,1,0
131.77,0,4.8886183079078105,4,7,0,0,1,0,0,0,0,0,1,0,0,0
321.51,0,5.776134143507035,4,7,0,0,1,0,0,0,0,1,0,1,0,0
653.75,0,6.484253483387821,4,7,0,0,1,0,0,1,0,0,0,0,0,0
755.04,0,6.6280942848327555,3,7,0,0,1,0,0,1,0,0,0,0,0,1
212.17,0,5.362089969445103,4,7,0,0,1,0,0,0,1,0,0,0,1,0
222.12,0,5.407709743319233,4,7,0,0,1,0,0,0,0,0,1,0,0,0
295.96,0,5.693597449597836,4,7,0,0,1,0,0,0,0,1,0,1,0,0
433.31,0,6.073758564834062,4,7,0,0,1,0,0,1,0,0,0,0,0,0
418.75,0,6.03965929595765,4,7,0,0,1,0,0,1,0,0,0,0,0,1
126.94,0,4.851561404021991,4,7,0,0,1,0,0,0,1,0,0,0,1,0
445.88,0,6.102290102196867,1,7,0,0,1,0,0,0,0,0,1,0,0,0
226.36,0,5.42653466434879,3,7,0,0,1,0,0,0,0,1,0,1,0,0
455.06,0,6.1226243798060045,4,7,0,0,1,0,0,1,0,0,0,0,0,1
989.8,1,6.898512697615204,4,7,0,0,1,0,0,0,1,0,0,0,1,0
130.74,1,4.880830283212547,4,7,0,0,1,0,0,0,0,0,1,0,0,0
201.78,1,5.3121216475244335,4,7,0,0,1,0,0,0,0,1,0,1,0,0
730.09,1,6.594536571186302,2,7,0,0,1,0,0,1,0,0,0,0,0,0
500.9,0,6.218400896660888,4,7,0,0,1,0,0,1,0,0,0,0,0,1
126.32,0,4.846703602413892,4,7,0,0,1,0,0,0,1,0,0,0,1,0
186.48,0,5.233672173054505,3,7,0,0,1,0,0,0,0,0,1,0,0,0
343.99,1,5.843515431104025,3,7,0,0,1,0,0,0,0,1,0,1,0,0
512.88,0,6.241989775163409,4,7,0,0,1,0,0,1,0,0,0,0,0,0
647.02,1,6.473921560073516,4,7,0,0,1,0,0,1,0,0,0,0,0,1
146.88,0,4.996401134068432,4,7,0,0,1,0,0,0,1,0,0,0,1,0
161.89,1,5.093075126369514,4,7,0,0,1,0,0,0,0,0,1,0,0,0
820.85,0,6.711557896652534,4,7,0,0,1,0,0,0,0,1,0,1,0,0
637.42,0,6.45899637396568,4,7,0,0,1,0,0,1,0,0,0,0,0,0
618.51,0,6.428928842988956,4,7,0,0,1,0,0,1,0,0,0,0,0,1
358.43,0,5.884519443319918,2,7,0,0,1,0,0,0,1,0,0,0,1,0
322.68,0,5.779755373419436,0,7,0,0,1,0,0,0,0,0,1,0,0,0
314.52,0,5.7542220714142704,3,7,0,0,1,0,0,0,0,1,0,1,0,0
780.72,0,6.661496620161876,3,7,0,0,1,0,0,1,0,0,0,0,0,0
705.28,0,6.560011759434597,3,7,0,0,1,0,0,1,0,0,0,0,0,1
151.3,0,5.025852259901116,4,7,0,0,1,0,0,0,1,0,0,0,1,0
421.17,1,6.045408076518209,0,7,0,0,1,0,0,0,0,0,1,0,0,0
341.83,0,5.837234697480211,3,7,0,0,1,0,0,0,0,1,0,1,0,0
491.46,0,6.199413239039649,4,7,0,0,1,0,0,1,0,0,0,0,0,0
666.37,0,6.503344614752577,3,7,0,0,1,0,0,1,0,0,0,0,0,1
129.71,1,4.872981128797461,4,7,0,0,1,0,0,0,1,0,0,0,1,0
294.71,0,5.689379244345457,3,7,0,0,1,0,0,0,0,0,1,0,0,0
421.67,0,6.046591732733295,2,7,0,0,1,0,0,0,0,1,0,1,0,0
588.89,0,6.379936078839576,3,7,0,0,1,0,0,1,0,0,0,0,0,0
674.16,0,6.514949699820727,1,7,0,0,1,0,0,1,0,0,0,0,0,1
160.54,0,5.08475279001415,4,7,0,0,1,0,0,0,0,0,1,0,0,0
245.34,1,5.506712695513338,3,7,0,0,1,0,0,0,0,1,0,1,0,0
467.86,0,6.150304216421372,4,7,0,0,1,0,0,1,0,0,0,0,0,0
550.26,0,6.312206567186086,4,7,0,0,1,0,0,1,0,0,0,0,0,1
158.06,0,5.069281489528989,4,7,0,0,1,0,0,0,1,0,0,0,1,0
105.3,0,4.666265285347902,4,7,0,0,1,0,0,0,0,0,1,0,0,0
450.05,0,6.111578198102648,0,7,0,0,1,0,0,0,0,1,0,1,0,0
901.84,0,6.8055453505635555,0,7,0,0,1,0,0,1,0,0,0,0,0,0
474.28,1,6.163904104047486,4,7,0,0,1,0,0,1,0,0,0,0,0,1
198.73,0,5.29696645447708,3,7,0,0,1,0,0,0,1,0,0,0,1,0
119.2,0,4.789157022101107,4,7,0,0,1,0,0,0,0,0,1,0,0,0
211.04,0,5.3567749361196055,4,7,0,0,1,0,0,0,0,1,0,1,0,0
477.62,0,6.1709069631510935,4,7,0,0,1,0,0,1,0,0,0,0,0,0
600.14,0,6.398827852499227,4,7,0,0,1,0,0,1,0,0,0,0,0,1
222.49,0,5.409366670323331,4,7,0,0,1,0,0,0,1,0,0,0,1,0
245.85,1,5.508780864704872,2,7,0,0,1,0,0,0,0,0,1,0,0,0
227.72,0,5.432498548014056,4,7,0,0,1,0,0,0,0,1,0,1,0,0
632.92,0,6.451922763510186,4,7,0,0,1,0,0,1,0,0,0,0,0,0
594.32,0,6.389099076100958,4,7,0,0,1,0,0,1,0,0,0,0,0,1
181.71,0,5.207900196423574,4,7,0,0,1,0,0,0,1,0,0,0,1,0
240.26,0,5.485875190137238,4,7,0,0,1,0,0,0,0,0,1,0,0,0
437.89,0,6.084248812201313,2,7,0,0,1,0,0,0,0,1,0,1,0,0
682.75,0,6.527592353736191,3,7,0,0,1,0,0,1,0,0,0,0,0,0
674.54,0,6.515512371043094,4,7,0,0,1,0,0,1,0,0,0,0,0,1
162.03,0,5.093934232951563,4,7,0,0,1,0,0,0,1,0,0,0,1,0
283.16,0,5.649537459803805,4,7,0,0,1,0,0,0,0,0,1,0,0,0
269.53,0,5.600382997867079,4,7,0,0,1,0,0,0,0,1,0,1,0,0
710.13,0,6.566855254158767,3,7,0,0,1,0,0,1,0,0,0,0,0,0
617.77,0,6.427733636592839,4,7,0,0,1,0,0,1,0,0,0,0,0,1
304.01,0,5.720344562955179,3,7,0,0,1,0,0,0,1,0,0,0,1,0
178.03,0,5.187553389563182,4,7,0,0,1,0,0,0,0,0,1,0,0,0
563.21,0,6.335426522622097,1,7,0,0,1,0,0,0,0,1,0,1,0,0
487.19,0,6.190704674340632,4,7,0,0,1,0,0,1,0,0,0,0,0,0
521.33,1,6.258299572046617,3,7,0,0,1,0,0,1,0,0,0,0,0,1
183.02,1,5.215044447354215,3,7,0,0,1,0,0,0,1,0,0,0,1,0
202.6,0,5.316157284676367,3,7,0,0,1,0,0,0,0,0,1,0,0,0
199.25,0,5.299566585948469,4,7,0,0,1,0,0,0,0,1,0,1,0,0
397.29,0,5.98718038316893,4,7,0,0,1,0,0,1,0,0,0,0,0,0
497.88,0,6.212365585869412,3,7,0,0,1,0,0,1,0,0,0,0,0,1
400.96,1,5.996352581180758,0,7,0,0,1,0,0,0,1,0,0,0,1,0
82.28,0,4.422208424306714,4,7,0,0,1,0,0,0,0,0,1,0,0,0
272.22,0,5.610277331459341,4,7,0,0,1,0,0,0,0,1,0,1,0,0
508.3,0,6.233037233890559,4,7,0,0,1,0,0,1,0,0,0,0,0,0
623.55,0,6.437031390411918,3,7,0,0,1,0,0,1,0,0,0,0,0,1
184.81,0,5.224724646244663,3,7,0,0,1,0,0,0,1,0,0,0,1,0
268.67,0,5.5971989892534175,4,7,0,0,1,0,0,0,0,0,1,0,0,0
142.21,1,4.9643120844906115,4,7,0,0,1,0,0,0,0,1,0,1,0,0
547.71,0,6.307570068794066,4,7,0,0,1,0,0,1,0,0,0,0,0,0
704.05,0,6.558268722283239,2,7,0,0,1,0,0,1,0,0,0,0,0,1
185.66,0,5.2292887801376,3,7,0,0,1,0,0,0,1,0,0,0,1,0
193.06,0,5.268167389597154,4,7,0,0,1,0,0,0,0,0,1,0,0,0
273.38,0,5.614514006898019,3,7,0,0,1,0,0,0,0,1,0,1,0,0
588.03,0,6.3784771161405835,4,7,0,0,1,0,0,1,0,0,0,0,0,0
620.36,0,6.431910624111392,3,7,0,0,1,0,0,1,0,0,0,0,0,1
195.34,1,5.2798478502643755,3,7,0,0,1,0,0,0,1,0,0,0,1,0
168.41,0,5.132321812352855,4,7,0,0,1,0,0,0,0,0,1,0,0,0
260.63,0,5.566931291907004,4,7,0,0,1,0,0,0,0,1,0,1,0,0
767.47,0,6.644401525131453,4,7,0,0,1,0,0,1,0,0,0,0,0,0
625.95,0,6.440866792636547,4,7,0,0,1,0,0,1,0,0,0,0,0,1
160.01,0,5.081466474856847,4,7,0,0,1,0,0,0,1,0,0,0,1,0
276.27,0,5.624991760689139,3,7,0,0,1,0,0,0,0,0,1,0,0,0
329.3,0,5.800001332396744,3,7,0,0,1,0,0,0,0,1,0,1,0,0
512.64,0,6.241522630963074,4,7,0,0,1,0,0,1,0,0,0,0,0,0
641.41,1,6.465226729136549,3,7,0,0,1,0,0,1,0,0,0,0,0,1
124.08,0,4.82895353258964,4,7,0,0,1,0,0,0,1,0,0,0,1,0
377.59,0,5.936453825325493,3,7,0,0,1,0,0,0,0,1,0,1,0,0
470.32,0,6.15553726884514,4,7,0,0,1,0,0,1,0,0,0,0,0,0
559.66,0,6.329114661187669,3,7,0,0,1,0,0,1,0,0,0,0,0,1
107.5,0,4.686750172980514,4,7,0,0,1,0,0,0,1,0,0,0,1,0
244.6,0,5.503704196272987,3,7,0,0,1,0,0,0,0,0,1,0,0,0
259.71,1,5.563408678470003,3,7,0,0,1,0,0,0,0,1,0,1,0,0
509.17,0,6.234744003508492,4,7,0,0,1,0,0,1,0,0,0,0,0,0
529.32,1,6.273480597933136,4,7,0,0,1,0,0,1,0,0,0,0,0,1
157.53,0,5.065943849855136,4,7,0,0,1,0,0,0,1,0,0,0,1,0
199.38,0,5.300215563831117,3,7,0,0,1,0,0,0,0,0,1,0,0,0
346.28,0,5.850131370991338,0,7,0,0,1,0,0,0,0,1,0,1,0,0
515.72,1,6.247501141724217,4,7,0,0,1,0,0,1,0,0,0,0,0,0
430.27,0,6.066734344081793,4,7,0,0,1,0,0,1,0,0,0,0,0,1
76.55,0,4.350922889622548,4,7,0,0,1,0,0,0,1,0,0,0,1,0
148.63,0,5.008165580195328,4,7,0,0,1,0,0,0,0,0,1,0,0,0
284.44,0,5.654031849391645,4,7,0,0,1,0,0,0,0,1,0,1,0,0
550.3,0,6.312279125595638,3,8,0,0,1,0,0,1,0,0,0,0,0,0
632.4,0,6.45110213410454,3,8,0,0,1,0,0,1,0,0,0,0,0,1
159.11,0,5.075861079013963,3,8,0,0,1,0,0,0,1,0,0,0,1,0
240.49,0,5.486828064367804,3,8,0,0,1,0,0,0,0,0,1,0,0,0
321.2,1,5.7751724707428735,3,8,0,0,1,0,0,0,0,1,0,1,0,0
619.46,0,6.430461138424938,3,8,0,0,1,0,0,1,0,0,0,0,0,0
729.48,1,6.593701852308085,3,8,0,0,1,0,0,1,0,0,0,0,0,1
285.78,0,5.658715371286893,3,8,0,0,1,0,0,0,1,0,0,0,1,0
73.36,0,4.308918162853243,4,8,0,0,1,0,0,0,0,0,1,0,0,0
593.35,1,6.387468371426634,0,8,0,0,1,0,0,0,0,1,0,1,0,0
576.49,0,6.358691126228709,4,8,0,0,1,0,0,1,0,0,0,0,0,0
656.94,0,6.489113741757341,2,8,0,0,1,0,0,1,0,0,0,0,0,1
146.23,0,4.991995989877317,4,8,0,0,1,0,0,0,1,0,0,0,1,0
251.56,1,5.5316488442497365,4,8,0,0,1,0,0,0,0,0,1,0,0,0
260.7,0,5.5671988095361,4,8,0,0,1,0,0,0,0,1,0,1,0,0
3094.04,0,8.037556109106264,4,8,0,0,1,0,0,1,0,0,0,0,0,0
651.56,0,6.480903088992325,4,8,0,0,1,0,0,1,0,0,0,0,0,1
274.7,0,5.619313318029751,2,8,0,0,1,0,0,0,1,0,0,0,1,0
191.94,0,5.262379259742407,4,8,0,0,1,0,0,0,0,0,1,0,0,0
283.09,1,5.649291089367011,4,8,0,0,1,0,0,0,0,1,0,1,0,0
175.35,0,5.172470656682061,4,8,0,0,1,0,0,0,1,0,0,0,1,0
150.76,0,5.022300325626759,4,8,0,0,1,0,0,0,0,0,1,0,0,0
314.56,0,5.754348838226889,3,8,0,0,1,0,0,0,0,1,0,1,0,0
528.49,1,6.271914279121858,3,8,0,0,1,0,0,1,0,0,0,0,0,0
683.57,0,6.528790903926442,2,8,0,0,1,0,0,1,0,0,0,0,0,1
225.91,0,5.424553463093178,3,8,0,0,1,0,0,0,1,0,0,0,1,0
211.58,0,5.359318388105436,4,8,0,0,1,0,0,0,0,0,1,0,0,0
373.87,0,5.926579299200965,3,8,0,0,1,0,0,0,0,1,0,1,0,0
434.45,0,6.076379979138749,4,8,0,0,1,0,0,1,0,0,0,0,0,0
556.37,0,6.323229292286189,4,8,0,0,1,0,0,1,0,0,0,0,0,1
178.5,0,5.190175207928333,3,8,0,0,1,0,0,0,1,0,0,0,1,0
227.11,0,5.4298279687502475,4,8,0,0,1,0,0,0,0,0,1,0,0,0
253.79,0,5.540439676460028,3,8,0,0,1,0,0,0,0,1,0,1,0,0
510.36,0,6.237073843137855,4,8,0,0,1,0,0,1,0,0,0,0,0,0
645.7,0,6.4718825084525475,2,8,0,0,1,0,0,1,0,0,0,0,0,1
153.24,0,5.038509830862235,4,8,0,0,1,0,0,0,1,0,0,0,1,0
299.72,0,5.706179599255923,2,8,0,0,1,0,0,0,0,0,1,0,0,0
255.95,0,5.548881513438238,4,8,0,0,1,0,0,0,0,1,0,1,0,0
799.05,1,6.6846742257148835,3,8,0,0,1,0,1,1,0,0,0,0,0,0
962.61,0,6.870686648436972,2,8,0,0,1,0,1,1,0,0,0,0,0,1
251.71,0,5.532242586226923,3,8,0,0,1,0,1,0,1,0,0,0,1,0
239.45,0,5.482512167723671,3,8,0,0,1,0,1,0,0,0,1,0,0,0
316.9,1,5.761736867916757,4,8,0,0,1,0,1,0,0,1,0,1,0,0
592.32,0,6.385733882455412,4,8,0,0,1,0,0,1,0,0,0,0,0,0
630.96,0,6.448826101004649,4,8,0,0,1,0,0,1,0,0,0,0,0,1
193.27,0,5.269248944050689,3,8,0,0,1,0,0,0,1,0,0,0,1,0
292.98,0,5.683511737813841,4,8,0,0,1,0,0,0,0,0,1,0,0,0
422.57,0,6.048718789689543,3,8,0,0,1,0,0,0,0,1,0,1,0,0
741.06,0,6.609430102431874,3,8,0,0,1,0,0,1,0,0,0,0,0,0
720.62,0,6.5814986845505805,3,8,0,0,1,0,0,1,0,0,0,0,0,1
214.46,0,5.372775277466046,4,8,0,0,1,0,0,0,1,0,0,0,1,0
253.23,1,5.538239369101064,4,8,0,0,1,0,0,0,0,0,1,0,0,0
350.84,0,5.863176526806451,3,8,0,0,1,0,0,0,0,1,0,1,0,0
522.54,0,6.260613436178599,4,8,0,0,1,0,0,1,0,0,0,0,0,0
529.04,0,6.272952475396435,4,8,0,0,1,0,0,1,0,0,0,0,0,1
260.42,1,5.566128309357405,3,8,0,0,1,0,0,0,1,0,0,0,1,0
145.16,0,4.9847019120697516,4,8,0,0,1,0,0,0,0,0,1,0,0,0
288.96,0,5.669742982432677,3,8,0,0,1,0,0,0,0,1,0,1,0,0
467.2,0,6.148895555056811,3,8,0,0,1,0,0,1,0,0,0,0,0,0
543.82,0,6.3004554648810105,3,8,0,0,1,0,0,1,0,0,0,0,0,1
132.19,0,4.891776680212939,4,8,0,0,1,0,0,0,1,0,0,0,1,0
172.65,0,5.157041779190083,3,8,0,0,1,0,0,0,0,0,1,0,0,0
197.65,0,5.291544482260608,4,8,0,0,1,0,0,0,0,1,0,1,0,0
433.47,0,6.074126897442568,4,8,0,0,1,0,0,1,0,0,0,0,0,0
555.18,0,6.3210919828649645,4,8,0,0,1,0,0,1,0,0,0,0,0,1
135.91,0,4.9193237756456645,4,8,0,0,1,0,0,0,1,0,0,0,1,0
474.22,0,6.163777854704867,0,8,0,0,1,0,0,0,0,0,1,0,0,0
369.51,0,5.91488043492521,2,8,0,0,1,0,0,0,0,1,0,1,0,0
444.99,0,6.100296530244035,4,8,0,0,1,0,0,1,0,0,0,0,0,0
661.03,0,6.495310872130758,3,8,0,0,1,0,0,1,0,0,0,0,0,1
121.18,0,4.805495367221621,4,8,0,0,1,0,0,0,1,0,0,0,1,0
139.46,0,4.944922750730875,4,8,0,0,1,0,0,0,0,0,1,0,0,0
362.94,0,5.896989018885097,3,8,0,0,1,0,0,0,0,1,0,1,0,0
779.48,0,6.659909115027555,2,8,0,0,1,0,0,1,0,0,0,0,0,0
732.06,0,6.597227553925495,4,8,0,0,1,0,0,1,0,0,0,0,0,1
113.6,1,4.741447804280639,4,8,0,0,1,0,0,0,1,0,0,0,1,0
118.74,0,4.785322725497206,4,8,0,0,1,0,0,0,0,0,1,0,0,0
272.99,0,5.613091609371697,4,8,0,0,1,0,0,0,0,1,0,1,0,0
509.06,0,6.234528365857322,4,8,0,0,1,0,0,1,0,0,0,0,0,0
623.81,0,6.4374476035190344,4,8,0,0,1,0,0,1,0,0,0,0,0,1
220.5,1,5.40042258948519,4,8,0,0,1,0,0,0,1,0,0,0,1,0
186.75,0,5.2351112906442445,3,8,0,0,1,0,0,0,0,0,1,0,0,0
342.52,0,5.839245334130471,2,8,0,0,1,0,0,0,0,1,0,1,0,0
496.71,0,6.210017578087814,4,8,0,0,1,0,0,1,0,0,0,0,0,0
656.57,0,6.4885512222633706,3,8,0,0,1,0,0,1,0,0,0,0,0,1
89.77,0,4.508328834538536,4,8,0,0,1,0,0,0,1,0,0,0,1,0
197.81,0,5.292349594768245,3,8,0,0,1,0,0,0,0,0,1,0,0,0
301.35,0,5.711585286719222,4,8,0,0,1,0,0,0,0,1,0,1,0,0
619.99,0,6.431314978744242,3,8,0,0,1,0,0,1,0,0,0,0,0,0
497.09,0,6.210780783587805,4,8,0,0,1,0,0,1,0,0,0,0,0,1
196.83,0,5.287408076040001,3,8,0,0,1,0,0,0,1,0,0,0,1,0
161.7,1,5.091908014224992,4,8,0,0,1,0,0,0,0,0,1,0,0,0
180.49,0,5.20120055576831,4,8,0,0,1,0,0,0,0,1,0,1,0,0
456.91,0,6.126672658254025,3,8,0,0,1,0,0,1,0,0,0,0,0,0
582.22,0,6.36856447365925,4,8,0,0,1,0,0,1,0,0,0,0,0,1
114.0,0,4.74493212836325,4,8,0,0,1,0,0,0,1,0,0,0,1,0
98.98,0,4.604970165985424,4,8,0,0,1,0,0,0,0,0,1,0,0,0
231.58,0,5.4492342518648975,4,8,0,0,1,0,0,0,0,1,0,1,0,0
692.66,1,6.541981926915286,2,8,0,0,1,0,0,1,0,0,0,0,0,0
575.76,1,6.357426235438446,4,8,0,0,1,0,0,1,0,0,0,0,0,1
217.12,0,5.385045370057861,3,8,0,0,1,0,0,0,1,0,0,0,1,0
229.77,0,5.441421543516488,3,8,0,0,1,0,0,0,0,0,1,0,0,0
228.89,0,5.4376009336504225,4,8,0,0,1,0,0,0,0,1,0,1,0,0
526.02,0,6.267238498485391,4,8,0,0,1,0,0,1,0,0,0,0,0,0
543.86,0,6.300528880929792,4,8,0,0,1,0,0,1,0,0,0,0,0,1
173.06,0,5.159400067361368,4,8,0,0,1,0,0,0,1,0,0,0,1,0
181.98,0,5.209376857251389,4,8,0,0,1,0,0,0,0,0,1,0,0,0
248.23,0,5.518376164900322,3,8,0,0,1,0,0,0,0,1,0,1,0,0
555.43,0,6.321541376640335,4,8,0,0,1,0,0,1,0,0,0,0,0,0
569.63,0,6.346741013632859,4,8,0,0,1,0,0,1,0,0,0,0,0,1
262.84,1,5.575342858811289,3,8,0,0,1,0,0,0,1,0,0,0,1,0
154.9,0,5.049214776063731,4,8,0,0,1,0,0,0,0,0,1,0,0,0
456.82,0,6.126476093763859,1,8,0,0,1,0,0,0,0,1,0,1,0,0
645.17,0,6.471062627057373,3,8,0,0,1,0,0,1,0,0,0,0,0,0
674.91,1,6.516059931084893,4,8,0,0,1,0,0,1,0,0,0,0,0,1
140.66,1,4.953429820325477,4,8,0,0,1,0,0,0,1,0,0,0,1,0
171.39,0,5.149759351906887,4,8,0,0,1,0,0,0,0,0,1,0,0,0
253.99,0,5.541224328703197,3,8,0,0,1,0,0,0,0,1,0,1,0,0
633.27,0,6.452474731289283,4,8,0,0,1,0,0,1,0,0,0,0,0,0
617.85,0,6.427862916986031,4,8,0,0,1,0,0,1,0,0,0,0,0,1
249.21,0,5.52230056525969,3,8,0,0,1,0,0,0,1,0,0,0,1,0
1890.59,0,7.545173024225825,1,8,0,0,1,0,0,0,0,0,1,0,0,0
276.44,1,5.625604693592177,4,8,0,0,1,0,0,0,0,1,0,1,0,0
486.72,0,6.189741470692064,4,8,0,0,1,0,0,1,0,0,0,0,0,0
507.15,0,6.230776679583776,3,8,0,0,1,0,0,1,0,0,0,0,0,1
242.91,0,5.496799304791385,1,8,0,0,1,0,0,0,1,0,0,0,1,0
170.48,0,5.144466641729776,4,8,0,0,1,0,0,0,0,0,1,0,0,0
231.22,0,5.44768519819886,3,8,0,0,1,0,0,0,0,1,0,1,0,0
523.99,0,6.2633792147911675,3,8,0,0,1,0,0,1,0,0,0,0,0,0
708.03,0,6.563897838754019,1,8,0,0,1,0,0,1,0,0,0,0,0,1
74.39,0,4.32267464022361,4,8,0,0,1,0,0,0,1,0,0,0,1,0
187.28,0,5.237930216532941,4,8,0,0,1,0,0,0,0,0,1,0,0,0
209.82,0,5.351004688827043,3,8,0,0,1,0,0,0,0,1,0,1,0,0
546.58,0,6.305508569737817,3,8,0,0,1,0,0,1,0,0,0,0,0,0
544.62,0,6.301922762748901,3,8,0,0,1,0,0,1,0,0,0,0,0,1
210.31,0,5.353326249578836,3,8,0,0,1,0,0,0,1,0,0,0,1,0
239.97,0,5.484672444414411,3,8,0,0,1,0,0,0,0,0,1,0,0,0
297.76,1,5.699640575488866,3,8,0,0,1,0,0,0,0,1,0,1,0,0
525.05,0,6.265396265254297,4,8,0,0,1,0,0,1,0,0,0,0,0,0
559.12,1,6.3281510464875765,3,8,0,0,1,0,0,1,0,0,0,0,0,1
238.96,0,5.480472242784892,3,8,0,0,1,0,0,0,1,0,0,0,1,0
324.87,0,5.7864985288294735,3,8,0,0,1,0,0,0,0,1,0,1,0,0
420.45,1,6.0437011464434915,4,8,0,0,1,0,0,1,0,0,0,0,0,0
606.93,1,6.410059743759071,4,8,0,0,1,0,0,1,0,0,0,0,0,1
270.21,0,5.602893428542784,3,8,0,0,1,0,0,0,1,0,0,0,1,0
159.89,0,5.080720901662944,4,8,0,0,1,0,0,0,0,0,1,0,0,0
359.85,0,5.888462359518282,3,8,0,0,1,0,0,0,0,1,0,1,0,0
738.62,0,6.606136540791483,3,8,0,0,1,0,0,1,0,0,0,0,0,0
572.21,0,6.351252141719494,4,8,0,0,1,0,0,1,0,0,0,0,0,1
114.23,0,4.746930131025923,4,8,0,0,1,0,0,0,1,0,0,0,1,0
434.92,0,6.077458740274843,1,8,0,0,1,0,0,0,0,0,1,0,0,0
437.82,0,6.084089306213804,3,8,0,0,1,0,0,0,0,1,0,1,0,0
472.17,0,6.159454731954163,4,9,0,0,0,0,0,1,0,0,0,0,0,0
570.03,1,6.347441747680417,4,9,0,0,0,0,0,1,0,0,0,0,0,1
193.53,1,5.270586392809726,3,9,0,0,0,0,0,0,1,0,0,0,1,0
108.02,0,4.691531351636135,4,9,0,0,0,0,0,0,0,0,1,0,0,0
190.92,0,5.257078618531439,4,9,0,0,0,0,0,0,0,1,0,1,0,0
618.29,0,6.428573660550608,1,9,0,0,0,0,0,1,0,0,0,0,0,1
302.04,0,5.713864809997713,1,9,0,0,0,0,0,0,1,0,0,0,1,0
149.81,0,5.016020766372594,4,9,0,0,0,0,0,0,0,0,1,0,0,0
187.22,0,5.237611491430642,4,9,0,0,0,0,0,0,0,1,0,1,0,0
403.56,0,6.0028000567717275,4,9,0,0,0,0,0,1,0,0,0,0,0,0
384.21,1,5.953788640126981,4,9,0,0,0,0,0,1,0,0,0,0,0,1
109.23,0,4.702569091975224,4,9,0,0,0,0,0,0,1,0,0,0,1,0
186.39,0,5.233192006587575,4,9,0,0,0,0,0,0,0,0,1,0,0,0
260.02,0,5.564597032739382,3,9,0,0,0,0,0,0,0,1,0,1,0,0
663.16,0,6.498523084304728,1,9,0,0,0,0,0,1,0,0,0,0,0,0
619.81,0,6.431025076986695,3,9,0,0,0,0,0,1,0,0,0,0,0,1
216.49,0,5.382152872460269,2,9,0,0,0,0,0,0,1,0,0,0,1,0
136.41,0,4.922969157343683,3,9,0,0,0,0,0,0,0,0,1,0,0,0
247.11,0,5.513872196213571,3,9,0,0,0,0,0,0,0,1,0,1,0,0
391.81,0,5.973326034404727,4,9,0,0,0,0,0,1,0,0,0,0,0,0
149.8,0,5.015954455573856,4,9,0,0,0,0,0,0,1,0,0,0,1,0
132.07,0,4.890875305555651,4,9,0,0,0,0,0,0,0,0,1,0,0,0
326.54,0,5.791610185021721,2,9,0,0,0,0,0,0,0,1,0,1,0,0
566.03,0,6.340412212380975,3,9,0,0,0,0,0,1,0,0,0,0,0,0
806.61,1,6.6940792687295305,1,9,0,0,0,0,0,1,0,0,0,0,0,1
219.47,0,5.39576163120889,4,9,0,0,0,0,0,0,1,0,0,0,1,0
252.68,0,5.536073630230092,2,9,0,0,0,0,0,0,0,0,1,0,0,0
185.4,1,5.2278949022514904,4,9,0,0,0,0,0,0,0,1,0,1,0,0
471.07,1,6.15712727967419,4,9,0,0,0,0,0,1,0,0,0,0,0,0
188.37,0,5.243702773274814,3,9,0,0,0,0,0,0,1,0,0,0,1,0
234.9,0,5.463407986413629,2,9,0,0,0,0,0,0,0,0,1,0,0,0
313.5,0,5.750984076140496,4,9,0,0,0,0,0,0,0,1,0,1,0,0
655.55,0,6.486998852305014,2,9,0,0,0,0,0,1,0,0,0,0,0,0
838.98,0,6.733378082030098,2,9,0,0,0,0,0,1,0,0,0,0,0,1
110.7,0,4.715816706075155,4,9,0,0,0,0,0,0,1,0,0,0,1,0
169.49,0,5.13867664397714,4,9,0,0,0,0,0,0,0,1,0,1,0,0
478.18,1,6.172076309703214,4,9,0,0,0,0,0,1,0,0,0,0,0,0
410.67,0,6.020222057527178,4,9,0,0,0,0,0,1,0,0,0,0,0,1
77.77,0,4.3665322137152325,4,9,0,0,0,0,0,0,1,0,0,0,1,0
147.83,0,5.0028047149810675,4,9,0,0,0,0,0,0,0,0,1,0,0,0
203.43,0,5.320225618596917,4,9,0,0,0,0,0,0,0,1,0,1,0,0
429.37,0,6.064645303816005,4,9,0,0,0,0,0,1,0,0,0,0,0,0
447.51,0,6.105930977794322,4,9,0,0,0,0,0,1,0,0,0,0,0,1
129.48,0,4.871219958312758,4,9,0,0,0,0,0,0,1,0,0,0,1,0
148.19,0,5.005220661394757,3,9,0,0,0,0,0,0,0,0,1,0,0,0
227.8,0,5.432848259505643,3,9,0,0,0,0,0,0,0,1,0,1,0,0
433.91,0,6.075139113130916,4,9,0,0,0,0,0,1,0,0,0,0,0,0
570.22,0,6.3477744244180005,4,9,0,0,0,0,0,1,0,0,0,0,0,1
170.99,0,5.147436335588401,3,9,0,0,0,0,0,0,1,0,0,0,1,0
207.33,0,5.339123360940291,3,9,0,0,0,0,0,0,0,0,1,0,0,0
174.86,1,5.169688223950856,4,9,0,0,0,0,0,0,0,1,0,1,0,0
489.29,0,6.194997052773076,4,9,0,0,0,0,0,1,0,0,0,0,0,0
560.6,0,6.330789852711601,4,9,0,0,0,0,0,1,0,0,0,0,0,1
237.86,0,5.475877606240281,3,9,0,0,0,0,0,0,1,0,0,0,1,0
145.98,1,4.990296523100725,3,9,0,0,0,0,0,0,0,0,1,0,0,0
210.96,0,5.356397577624562,4,9,0,0,0,0,0,0,0,1,0,1,0,0
486.04,0,6.188346255233267,4,9,0,0,0,0,0,1,0,0,0,0,0,0
786.31,0,6.668622071748268,1,9,0,0,0,0,0,1,0,0,0,0,0,1
246.88,0,5.512944758093907,2,9,0,0,0,0,0,0,1,0,0,0,1,0
192.44,0,5.264967386866482,3,9,0,0,0,0,0,0,0,0,1,0,0,0
167.59,0,5.12746973182771,4,9,0,0,0,0,0,0,0,1,0,1,0,0
625.95,0,6.440866792636547,2,9,0,0,0,0,0,1,0,0,0,0,0,1
261.33,0,5.56960325318826,3,9,0,0,0,0,0,0,1,0,0,0,1,0
234.88,0,5.463323201132304,3,9,0,0,0,0,0,0,0,0,1,0,0,0
504.17,0,6.224895006290327,0,9,0,0,0,0,0,0,0,1,0,1,0,0
549.62,1,6.311044916058977,4,9,0,0,0,0,0,1,0,0,0,0,0,0
775.1,1,6.6542813778600935,2,9,0,0,0,0,0,1,0,0,0,0,0,1
292.59,0,5.682184236214804,1,9,0,0,0,0,0,0,1,0,0,0,1,0
212.93,1,5.3656488587083215,3,9,0,0,0,0,0,0,0,0,1,0,0,0
200.85,0,5.30752484729895,4,9,0,0,0,0,0,0,0,1,0,1,0,0
374.43,1,5.928072035716986,4,9,0,0,0,0,0,1,0,0,0,0,0,0
536.78,0,6.287449554597325,3,9,0,0,0,0,0,1,0,0,0,0,0,1
172.13,1,5.154042757390985,4,9,0,0,0,0,0,0,1,0,0,0,1,0
131.71,0,4.888166296449158,4,9,0,0,0,0,0,0,0,1,0,1,0,0
435.9,1,6.07970433595739,3,9,0,0,0,0,0,1,0,0,0,0,0,0
457.57,0,6.128112951799098,4,9,0,0,0,0,0,1,0,0,0,0,0,1
127.68,0,4.857328702370825,4,9,0,0,0,0,0,0,0,0,1,0,0,0
137.09,0,4.92790564649726,4,9,0,0,0,0,0,0,0,1,0,1,0,0
432.29,1,6.071407249781185,3,9,0,0,0,0,0,1,0,0,0,0,0,0
426.0,0,6.056784013228625,4,9,0,0,0,0,0,1,0,0,0,0,0,1
198.49,0,5.295764109760319,2,9,0,0,0,0,0,0,1,0,0,0,1,0
96.97,1,4.584661309356551,4,9,0,0,0,0,0,0,0,0,1,0,0,0
122.26,0,4.814295945534097,4,9,0,0,0,0,0,0,0,1,0,1,0,0
464.9,0,6.143971018822751,4,9,0,0,0,0,0,1,0,0,0,0,0,0
510.26,0,6.23687826706792,4,9,0,0,0,0,0,1,0,0,0,0,0,1
53.7,1,4.001863709427935,4,9,0,0,0,0,0,0,1,0,0,0,1,0
354.24,0,5.872793617390303,0,9,0,0,0,0,0,0,0,0,1,0,0,0
254.78,0,5.544317700005174,4,9,0,0,0,0,0,0,0,1,0,1,0,0
508.06,1,6.232565887795969,4,9,0,0,0,0,0,1,0,0,0,0,0,0
514.0,0,6.244166900663736,3,9,0,0,0,0,0,1,0,0,0,0,0,1
276.06,1,5.624234089229733,3,9,0,0,0,0,0,0,1,0,0,0,1,0
114.32,1,4.7477108727702015,4,9,0,0,0,0,0,0,0,0,1,0,0,0
528.5,1,6.271933165041461,0,9,0,0,0,0,0,0,0,1,0,1,0,0
626.21,0,6.441281412786647,3,9,0,0,0,0,0,1,0,0,0,0,0,0
661.32,0,6.49574882283055,3,9,0,0,0,0,0,1,0,0,0,0,0,1
192.87,0,5.267187831351116,3,9,0,0,0,0,0,0,1,0,0,0,1,0
336.74,0,5.8222763687039905,2,9,0,0,0,0,0,0,0,0,1,0,0,0
307.56,0,5.731916313899973,4,9,0,0,0,0,0,0,0,1,0,1,0,0
528.05,0,6.27108294535017,3,9,0,0,0,0,0,1,0,0,0,0,0,0
488.73,0,6.193854218828974,4,9,0,0,0,0,0,1,0,0,0,0,0,1
411.83,0,6.0230358859453,4,9,0,0,0,0,0,0,0,0,1,0,0,0
482.77,1,6.181609587158616,0,9,0,0,0,0,0,0,0,1,0,1,0,0
515.84,1,6.24773334885402,3,9,0,0,0,0,0,1,0,0,0,0,0,0
493.87,1,6.204295101813748,3,9,0,0,0,0,0,1,0,0,0,0,0,1
107.47,0,4.686473637052126,4,9,0,0,0,0,0,0,1,0,0,0,1,0
160.93,0,5.08716414308538,3,9,0,0,0,0,0,0,0,0,1,0,0,0
192.59,0,5.265742520615858,4,9,0,0,0,0,0,0,0,1,0,1,0,0
433.15,1,6.073390096506654,3,9,0,0,0,0,0,1,0,0,0,0,0,0
397.89,0,5.9886856896575456,4,9,0,0,0,0,0,1,0,0,0,0,0,1
114.8,0,4.751864565138895,4,9,0,0,0,0,0,0,1,0,0,0,1,0
215.06,0,5.375556146888839,2,9,0,0,0,0,0,0,0,0,1,0,0,0
307.25,1,5.730911142044453,1,9,0,0,0,0,0,0,0,1,0,1,0,0
458.15,1,6.1293769540595315,3,9,0,0,0,0,0,1,0,0,0,0,0,0
418.32,0,6.0386343515843715,4,9,0,0,0,0,0,1,0,0,0,0,0,1
167.3,0,5.12574810119676,1,9,0,0,0,0,0,0,1,0,0,0,1,0
98.04,0,4.595523808936286,4,9,0,0,0,0,0,0,0,0,1,0,0,0
310.96,0,5.742874974462297,2,9,0,0,0,0,0,0,0,1,0,1,0,0
466.36,0,6.147099838639431,3,9,0,0,0,0,0,1,0,0,0,0,0,0
384.2,0,5.953762679923971,4,9,0,0,0,0,0,1,0,0,0,0,0,1
314.35,0,5.753683133109661,2,9,0,0,0,0,0,0,1,0,0,0,1,0
108.04,0,4.691714787388277,4,9,0,0,0,0,0,0,0,0,1,0,0,0
201.96,0,5.313008915291026,4,9,0,0,0,0,0,0,0,1,0,1,0,0
468.65,0,6.151987736440525,4,9,0,0,0,0,0,1,0,0,0,0,0,0
506.68,1,6.2298513278348855,3,9,0,0,0,0,0,1,0,0,0,0,0,1
219.5,0,5.395897694886901,3,9,0,0,0,0,0,0,1,0,0,0,1,0
247.17,0,5.514113995199193,3,9,0,0,0,0,0,0,0,0,1,0,0,0
235.06,0,5.464086010000923,3,9,0,0,0,0,0,0,0,1,0,1,0,0
571.73,0,6.350414401474677,3,9,0,0,0,0,0,1,0,0,0,0,0,0
626.14,0,6.44116980119487,3,9,0,0,0,0,0,1,0,0,0,0,0,1
50.0,0,3.9318256327243257,4,9,0,0,0,0,0,0,1,0,0,0,1,0
181.47,0,5.206585775948444,3,9,0,0,0,0,0,0,0,0,1,0,0,0
1646.29,0,7.40688679239484,3,9,0,0,0,0,0,0,0,1,0,1,0,0
452.74,0,6.117524346768715,4,9,0,0,0,0,0,1,0,0,0,0,0,0
523.79,0,6.262998182570284,4,9,0,0,0,0,0,1,0,0,0,0,0,1
127.59,0,4.856629048282348,4,9,0,0,0,0,0,0,1,0,0,0,1,0
183.98,0,5.220247711126114,4,9,0,0,0,0,0,0,0,0,1,0,0,0
338.85,0,5.828504343792647,3,9,0,0,0,0,0,0,0,1,0,1,0,0
522.73,0,6.26097628434972,2,9,0,0,0,0,0,1,0,0,0,0,0,0
602.27,0,6.402364857706086,2,9,0,0,0,0,0,1,0,0,0,0,0,1
225.6,0,5.423186348593906,2,9,0,0,0,0,0,0,1,0,0,0,1,0
210.22,0,5.352900244318328,3,9,0,0,0,0,0,0,0,0,1,0,0,0
203.47,0,5.3204212654549625,4,9,0,0,0,0,0,0,0,1,0,1,0,0
459.45,0,6.132204272167376,4,10,0,0,0,0,0,1,0,0,0,0,0,0
484.82,0,6.185838184926078,3,10,0,0,0,0,0,1,0,0,0,0,0,1
130.73,0,4.880754373241736,4,10,0,0,0,0,0,0,1,0,0,0,1,0
112.17,0,4.72889111297785,4,10,0,0,0,0,0,0,0,0,1,0,0,0
235.42,1,5.465609884322231,3,10,0,0,0,0,0,0,0,1,0,1,0,0
341.67,0,5.836767884926147,4,10,0,0,0,0,0,1,0,0,0,0,0,0
178.12,0,5.188055972290499,4,10,0,0,0,0,0,0,1,0,0,0,1,0
141.78,0,4.961304984074315,4,10,0,0,0,0,0,0,0,0,1,0,0,0
390.99,0,5.97123632926099,1,10,0,0,0,0,0,0,0,1,0,1,0,0
516.72,0,6.249434555574237,3,10,0,0,0,0,0,1,0,0,0,0,0,0
600.47,0,6.3993766588591985,3,10,0,0,0,0,0,1,0,0,0,0,0,1
152.81,0,5.035718074463719,4,10,0,0,0,0,0,0,1,0,0,0,1,0
228.06,1,5.43398397796957,3,10,0,0,0,0,0,0,0,0,1,0,0,0
412.34,1,6.024270498833159,2,10,0,0,0,0,0,0,0,1,0,1,0,0
552.5,0,6.316261752148692,4,10,0,0,0,0,0,1,0,0,0,0,0,0
249.76,0,5.5244963064057675,4,10,0,0,0,0,0,0,1,0,0,0,1,0
185.19,0,5.226767657707961,4,10,0,0,0,0,0,0,0,0,1,0,0,0
269.4,0,5.599902344168809,4,10,0,0,0,0,0,0,0,1,0,1,0,0
508.55,0,6.233527983274703,3,10,0,0,0,0,0,1,0,0,0,0,0,0
636.11,1,6.456942325122317,3,10,0,0,0,0,0,1,0,0,0,0,0,1
260.52,0,5.566510762415955,3,10,0,0,0,0,0,0,1,0,0,0,1,0
205.59,0,5.330736152803538,4,10,0,0,0,0,0,0,0,0,1,0,0,0
264.04,0,5.57988075799164,4,10,0,0,0,0,0,0,0,1,0,1,0,0
549.64,0,6.311081238090109,4,10,0,0,0,0,0,1,0,0,0,0,0,0
600.13,0,6.39881121730081,3,10,0,0,0,0,0,1,0,0,0,0,0,1
116.62,1,4.76745908903181,4,10,0,0,0,0,0,0,1,0,0,0,1,0
202.65,0,5.316402834094422,3,10,0,0,0,0,0,0,0,0,1,0,0,0
179.39,0,5.195121173719587,4,10,0,0,0,0,0,0,0,1,0,1,0,0
487.95,1,6.192260234758284,3,10,0,0,0,0,0,1,0,0,0,0,0,0
399.12,1,5.99176450211698,4,10,0,0,0,0,0,1,0,0,0,0,0,1
96.56,0,4.580467573347719,4,10,0,0,0,0,0,0,1,0,0,0,1,0
84.56,1,4.449217884214205,4,10,0,0,0,0,0,0,0,0,1,0,0,0
329.76,0,5.801393036853966,1,10,0,0,0,0,0,0,0,1,0,1,0,0
366.19,0,5.905879425260039,4,10,0,0,0,0,0,1,0,0,0,0,0,0
449.48,0,6.110313680946363,4,10,0,0,0,0,0,1,0,0,0,0,0,1
352.06,0,5.866638014161137,0,10,0,0,0,0,0,0,1,0,0,0,1,0
258.8,0,5.559912104236499,2,10,0,0,0,0,0,0,0,0,1,0,0,0
260.49,0,5.5663960418559935,3,10,0,0,0,0,0,0,0,1,0,1,0,0
517.58,0,6.251094306992602,4,10,0,0,0,0,0,1,0,0,0,0,0,0
554.54,0,6.3199406136880105,3,10,0,0,0,0,0,1,0,0,0,0,0,1
223.06,0,5.411913873130577,4,10,0,0,0,0,0,0,1,0,0,0,1,0
255.04,0,5.545333682273802,2,10,0,0,0,0,0,0,0,0,1,0,0,0
262.67,0,5.5746983212446635,3,10,0,0,0,0,0,0,0,1,0,1,0,0
727.61,0,6.59113860943224,1,10,0,0,0,0,0,1,0,0,0,0,0,0
2317.2,0,7.7485463014546445,4,10,0,0,0,0,0,1,0,0,0,0,0,1
158.67,0,5.07310918535161,4,10,0,0,0,0,0,0,1,0,0,0,1,0
201.46,0,5.310542336170606,4,10,0,0,0,0,0,0,0,0,1,0,0,0
1447.5,0,7.278283817209405,3,10,0,0,0,0,0,0,0,1,0,1,0,0
503.03,1,6.222635790109421,4,10,0,0,0,0,0,1,0,0,0,0,0,0
564.28,0,6.337321183610835,4,10,0,0,0,0,0,1,0,0,0,0,0,1
166.85,1,5.123070723426044,3,10,0,0,0,0,0,0,1,0,0,0,1,0
385.99,0,5.958398852902647,0,10,0,0,0,0,0,0,0,0,1,0,0,0
249.07,0,5.521740878669562,3,10,0,0,0,0,0,0,0,1,0,1,0,0
472.98,0,6.161165126712054,4,10,0,0,0,0,0,1,0,0,0,0,0,0
710.24,0,6.567009925587747,2,10,0,0,0,0,0,1,0,0,0,0,0,1
298.89,0,5.703415740750875,2,10,0,0,0,0,0,0,1,0,0,0,1,0
98.8,0,4.603168183317418,4,10,0,0,0,0,0,0,0,0,1,0,0,0
270.97,1,5.605691766095507,4,10,0,0,0,0,0,0,0,1,0,1,0,0
546.44,0,6.305252866644242,4,10,0,0,0,0,0,1,0,0,0,0,0,0
691.68,0,6.54056813208395,3,10,0,0,0,0,0,1,0,0,0,0,0,1
50.0,0,3.9318256327243257,4,10,0,0,0,0,0,0,1,0,0,0,1,0
166.63,1,5.121759169643187,3,10,0,0,0,0,0,0,0,0,1,0,0,0
180.08,0,5.198938922567758,4,10,0,0,0,0,0,0,0,1,0,1,0,0
462.26,0,6.138288451548779,3,10,0,0,0,0,0,1,0,0,0,0,0,0
465.34,0,6.144914981820847,3,10,0,0,0,0,0,1,0,0,0,0,0,1
290.55,0,5.675211517668165,0,10,0,0,0,0,0,0,1,0,0,0,1,0
75.2,0,4.333361462692601,4,10,0,0,0,0,0,0,0,0,1,0,0,0
179.08,1,5.193401196598477,4,10,0,0,0,0,0,0,0,1,0,1,0,0
495.51,0,6.207603624269309,3,10,0,0,0,0,0,1,0,0,0,0,0,0
451.63,0,6.1150750146969814,4,10,0,0,0,0,0,1,0,0,0,0,0,1
193.41,0,5.269969331032549,3,10,0,0,0,0,0,0,1,0,0,0,1,0
250.08,0,5.525771613449331,2,10,0,0,0,0,0,0,0,0,1,0,0,0
247.93,1,5.517171732443817,3,10,0,0,0,0,0,0,0,1,0,1,0,0
394.09,0,5.979113587048952,4,10,0,0,0,0,0,1,0,0,0,0,0,0
427.0,0,6.059123195581797,4,10,0,0,0,0,0,1,0,0,0,0,0,1
241.3,0,5.49017662782248,1,10,0,0,0,0,0,0,1,0,0,0,1,0
234.9,0,5.463407986413629,2,10,0,0,0,0,0,0,0,0,1,0,0,0
183.8,1,5.2192741592075835,4,10,0,0,0,0,0,0,0,1,0,1,0,0
473.18,0,6.161586996444939,3,10,0,0,0,0,0,1,0,0,0,0,0,0
447.61,0,6.10615391341144,4,10,0,0,0,0,0,1,0,0,0,0,0,1
175.07,0,5.170881643238353,4,10,0,0,0,0,0,0,1,0,0,0,1,0
113.3,1,4.738826570800765,4,10,0,0,0,0,0,0,0,0,1,0,0,0
136.63,0,4.9245689249914415,4,10,0,0,0,0,0,0,0,1,0,1,0,0
498.49,0,6.213587577868185,4,10,0,0,0,0,0,1,0,0,0,0,0,0
756.25,0,6.6296934499073465,2,10,0,0,0,0,0,1,0,0,0,0,0,1
632.6,1,6.451417840500216,4,10,0,0,0,0,0,0,1,0,0,0,1,0
204.39,0,5.3249106108175575,4,10,0,0,0,0,0,0,0,0,1,0,0,0
315.23,0,5.756469796935208,4,10,0,0,0,0,0,0,0,1,0,1,0,0
481.06,0,6.178068587631244,4,10,0,0,0,0,0,1,0,0,0,0,0,0
582.1,0,6.368358698228111,3,10,0,0,0,0,0,1,0,0,0,0,0,1
136.77,0,4.925585628056508,4,10,0,0,0,0,0,0,1,0,0,0,1,0
119.7,0,4.793308128103486,4,10,0,0,0,0,0,0,0,0,1,0,0,0
438.64,0,6.0859562102007,1,10,0,0,0,0,0,0,0,1,0,1,0,0
618.21,0,6.428444472015911,3,10,0,0,0,0,0,1,0,0,0,0,0,0
600.55,0,6.399509657479533,4,10,0,0,0,0,0,1,0,0,0,0,0,1
175.1,0,5.17105201550216,3,10,0,0,0,0,0,0,1,0,0,0,1,0
254.56,0,5.543457215734143,2,10,0,0,0,0,0,0,0,0,1,0,0,0
291.61,1,5.678840664351991,3,10,0,0,0,0,0,0,0,1,0,1,0,0
525.32,0,6.2659093927777425,3,10,0,0,0,0,0,1,0,0,0,0,0,0
410.77,0,6.020464941041439,4,10,0,0,0,0,0,1,0,0,0,0,0,1
216.18,1,5.380726502788755,3,10,0,0,0,0,0,0,1,0,0,0,1,0
366.57,0,5.906913776705081,1,10,0,0,0,0,0,0,0,0,1,0,0,0
237.31,1,5.473572347135272,3,10,0,0,0,0,0,0,0,1,0,1,0,0
459.16,0,6.1315742550926275,4,10,0,0,0,0,0,1,0,0,0,0,0,0
790.44,0,6.673854071014968,0,10,0,0,0,0,0,1,0,0,0,0,0,1
88.62,0,4.495578509357997,4,10,0,0,0,0,0,0,1,0,0,0,1,0
282.77,0,5.648164050893189,1,10,0,0,0,0,0,0,0,0,1,0,0,0
326.9,1,5.792708683850602,2,10,0,0,0,0,0,0,0,1,0,1,0,0
412.71,0,6.025165245280616,4,10,0,0,0,0,0,1,0,0,0,0,0,0
488.04,0,6.19244428572047,3,10,0,0,0,0,0,1,0,0,0,0,0,1
135.7,0,4.917788743729904,4,10,0,0,0,0,0,0,1,0,0,0,1,0
163.98,0,5.105824254432585,3,10,0,0,0,0,0,0,0,0,1,0,0,0
254.16,1,5.541890799373754,3,10,0,0,0,0,0,0,0,1,0,1,0,0
530.04,0,6.274837347971665,4,10,0,0,0,0,0,1,0,0,0,0,0,0
589.54,0,6.381037372547285,2,10,0,0,0,0,0,1,0,0,0,0,0,1
174.0,0,5.1647859739235145,3,10,0,0,0,0,0,0,1,0,0,0,1,0
177.92,0,5.186938778564647,3,10,0,0,0,0,0,0,0,0,1,0,0,0
255.89,1,5.54864797770621,4,10,0,0,0,0,0,0,0,1,0,1,0,0
563.28,0,6.335550582206301,3,10,0,0,0,0,0,1,0,0,0,0,0,0
678.72,0,6.521680948665905,3,10,0,0,0,0,0,1,0,0,0,0,0,1
105.97,0,4.672548421318039,4,10,0,0,0,0,0,0,1,0,0,0,1,0
280.59,0,5.640452112289707,3,10,0,0,0,0,0,0,0,0,1,0,0,0
233.62,0,5.4579671840775745,4,10,0,0,0,0,0,0,0,1,0,1,0,0
665.82,0,6.502520144428027,4,10,0,0,0,0,0,1,0,0,0,0,0,0
694.22,0,6.544228342237026,3,10,0,0,0,0,0,1,0,0,0,0,0,1
100.4,0,4.619073091157083,4,10,0,0,0,0,0,0,1,0,0,0,1,0
182.19,0,5.210523865597367,3,10,0,0,0,0,0,0,0,0,1,0,0,0
235.73,0,5.466920251201053,4,10,0,0,0,0,0,0,0,1,0,1,0,0
647.15,0,6.474122151046052,3,10,0,0,0,0,0,1,0,0,0,0,0,0
621.75,0,6.43414515414229,3,10,0,0,0,0,0,1,0,0,0,0,0,1
214.34,0,5.372218174387571,3,10,0,0,0,0,0,0,1,0,0,0,1,0
161.04,0,5.0878432183344895,4,10,0,0,0,0,0,0,0,0,1,0,0,0
387.2,0,5.9615206707349095,4,10,0,0,0,0,0,1,0,0,0,0,0,0
429.34,0,6.064575593925305,4,10,0,0,0,0,0,1,0,0,0,0,0,1
185.45,0,5.22816310662483,3,10,0,0,0,0,0,0,1,0,0,0,1,0
182.82,0,5.213957017929963,3,10,0,0,0,0,0,0,0,0,1,0,0,0
307.91,0,5.73304997233677,2,10,0,0,0,0,0,0,0,1,0,1,0,0
493.48,1,6.203506705351018,2,10,0,0,0,0,0,1,0,0,0,0,0,0
451.88,0,6.1156271897284045,3,10,0,0,0,0,0,1,0,0,0,0,0,1
144.76,0,4.981961433511648,4,10,0,0,0,0,0,0,0,0,1,0,0,0
327.91,0,5.795784157111038,2,10,0,0,0,0,0,0,0,1,0,1,0,0
574.65,1,6.355499837119673,3,10,0,0,0,0,0,1,0,0,0,0,0,0
503.97,0,6.224499021570163,4,10,0,0,0,0,0,1,0,0,0,0,0,1
125.47,0,4.840005125891885,4,10,0,0,0,0,0,0,1,0,0,0,1,0
244.38,0,5.502808029363036,2,10,0,0,0,0,0,0,0,0,1,0,0,0
209.51,0,5.349533157932307,4,10,0,0,0,0,0,0,0,1,0,1,0,0
640.56,0,6.463902710469177,3,10,0,0,0,0,1,1,0,0,0,0,0,0
594.87,0,6.390022522468178,4,10,0,0,0,0,1,1,0,0,0,0,0,1
393.16,0,5.976756918235708,2,10,0,0,0,0,1,0,1,0,0,0,1,0
219.51,0,5.395943045332476,3,10,0,0,0,0,1,0,0,0,1,0,0,0
390.91,0,5.971032221593488,1,10,0,0,0,0,1,0,0,1,0,1,0,0
488.99,0,6.194384982733157,4,11,0,0,0,0,0,1,0,0,0,0,0,0
730.47,0,6.595056207999221,2,11,0,0,0,0,0,1,0,0,0,0,0,1
113.51,1,4.740662155425248,4,11,0,0,0,0,0,0,1,0,0,0,1,0
280.96,0,5.641765216905675,2,11,0,0,0,0,0,0,0,0,1,0,0,0
312.16,0,5.7467142420397135,0,11,0,0,0,0,0,0,0,1,0,1,0,0
467.92,0,6.150432178203627,4,11,0,0,0,0,0,1,0,0,0,0,0,0
472.93,0,6.161059631464517,4,11,0,0,0,0,0,1,0,0,0,0,0,1
185.36,0,5.227680286948596,4,11,0,0,0,0,0,0,1,0,0,0,1,0
272.17,0,5.610094312003862,1,11,0,0,0,0,0,0,0,0,1,0,0,0
359.78,1,5.888268354279532,1,11,0,0,0,0,0,0,0,1,0,1,0,0
435.56,0,6.078925822877976,4,11,0,0,0,0,0,1,0,0,0,0,0,0
619.68,0,6.430815651215283,3,11,0,0,0,0,0,1,0,0,0,0,0,1
112.02,0,4.727564794201697,4,11,0,0,0,0,0,0,1,0,0,0,1,0
216.97,0,5.384357438640421,3,11,0,0,0,0,0,0,0,0,1,0,0,0
154.36,1,5.045745004543015,4,11,0,0,0,0,0,0,0,1,0,1,0,0
393.38,0,5.97731491150354,3,11,0,0,0,0,0,1,0,0,0,0,0,0
404.05,1,6.0040105162765,4,11,0,0,0,0,0,1,0,0,0,0,0,1
88.41,0,4.493232532747227,4,11,0,0,0,0,0,0,1,0,0,0,1,0
146.9,0,4.996536369716754,4,11,0,0,0,0,0,0,0,0,1,0,0,0
200.11,0,5.303852022046511,4,11,0,0,0,0,0,0,0,1,0,1,0,0
351.51,0,5.865078990644263,4,11,0,0,0,0,0,1,0,0,0,0,0,0
376.94,0,5.934735452861893,4,11,0,0,0,0,0,1,0,0,0,0,0,1
190.93,0,5.257130722217787,3,11,0,0,0,0,0,0,1,0,0,0,1,0
124.21,0,4.8299923276808565,4,11,0,0,0,0,0,0,0,0,1,0,0,0
278.61,0,5.633395775099203,3,11,0,0,0,0,0,0,0,1,0,1,0,0
430.36,0,6.0669430082838876,4,11,0,0,0,0,0,1,0,0,0,0,0,0
430.66,0,6.067638241330824,3,11,0,0,0,0,0,1,0,0,0,0,0,1
193.11,1,5.268425008683,3,11,0,0,0,0,0,0,1,0,0,0,1,0
249.81,0,5.524695680372176,1,11,0,0,0,0,0,0,0,0,1,0,0,0
150.55,0,5.020915603503812,4,11,0,0,0,0,0,0,0,1,0,1,0,0
2081.04,0,7.64110346128623,4,11,0,0,0,0,0,1,0,0,0,0,0,0
568.58,0,6.344899247121762,2,11,0,0,0,0,0,1,0,0,0,0,0,1
129.34,1,4.870146420904234,3,11,0,0,0,0,0,0,1,0,0,0,1,0
159.51,0,5.078356245925126,3,11,0,0,0,0,0,0,0,0,1,0,0,0
204.08,0,5.3234001469155,4,11,0,0,0,0,0,0,0,1,0,1,0,0
492.07,0,6.200651151792987,3,11,0,0,0,0,0,1,0,0,0,0,0,0
527.48,0,6.27000496164248,3,11,0,0,0,0,0,1,0,0,0,0,0,1
98.49,0,4.600057136601269,4,11,0,0,0,0,0,0,1,0,0,0,1,0
239.88,1,5.484298884173478,3,11,0,0,0,0,0,0,0,0,1,0,0,0
235.61,0,5.466413216078009,4,11,0,0,0,0,0,0,0,1,0,1,0,0
474.44,0,6.1642406910584056,4,11,0,0,0,0,0,1,0,0,0,0,0,0
471.27,0,6.157550855934837,4,11,0,0,0,0,0,1,0,0,0,0,0,1
203.57,0,5.320910215200671,4,11,0,0,0,0,0,0,1,0,0,0,1,0
114.38,0,4.7482310288287435,4,11,0,0,0,0,0,0,0,0,1,0,0,0
248.96,0,5.521300905060881,4,11,0,0,0,0,0,0,0,1,0,1,0,0
478.61,1,6.17297327364491,4,11,0,0,0,0,0,1,0,0,0,0,0,0
658.57,0,6.491588107540731,2,11,0,0,0,0,0,1,0,0,0,0,0,1
215.81,0,5.379021393963,3,11,0,0,0,0,0,0,1,0,0,0,1,0
183.05,0,5.21520745982503,3,11,0,0,0,0,0,0,0,0,1,0,0,0
246.52,0,5.511491386824756,3,11,0,0,0,0,0,0,0,1,0,1,0,0
453.77,1,6.119791796640037,3,11,0,0,0,0,0,1,0,0,0,0,0,0
370.31,0,5.917037293220041,4,11,0,0,0,0,0,1,0,0,0,0,0,1
164.92,0,5.111505744481217,4,11,0,0,0,0,0,0,1,0,0,0,1,0
240.12,0,5.4852947348781855,0,11,0,0,0,0,0,0,0,0,1,0,0,0
148.11,0,5.0046842886028164,4,11,0,0,0,0,0,0,0,1,0,1,0,0
360.38,0,5.889930036283685,4,11,0,0,0,0,0,1,0,0,0,0,0,0
467.82,0,6.150218899468841,3,11,0,0,0,0,0,1,0,0,0,0,0,1
169.91,0,5.141137102160414,3,11,0,0,0,0,0,0,1,0,0,0,1,0
208.87,1,5.3464882914093295,2,11,0,0,0,0,0,0,0,0,1,0,0,0
145.03,0,4.98381208005238,4,11,0,0,0,0,0,0,0,1,0,1,0,0
345.98,1,5.849267141398182,4,11,0,0,0,0,0,1,0,0,0,0,0,0
416.35,1,6.033925198296746,4,11,0,0,0,0,0,1,0,0,0,0,0,1
113.96,0,4.744584241770769,3,11,0,0,0,0,0,0,1,0,0,0,1,0
253.03,0,5.537452370280293,2,11,0,0,0,0,0,0,0,0,1,0,0,0
99.39,0,4.609062600703435,4,11,0,0,0,0,0,0,0,1,0,1,0,0
605.42,0,6.4075728153146265,1,11,0,0,0,0,0,1,0,0,0,0,0,0
421.54,0,6.046284116872089,4,11,0,0,0,0,0,1,0,0,0,0,0,1
115.27,0,4.755915072680517,4,11,0,0,0,0,0,0,1,0,0,0,1,0
151.98,0,5.03030719389372,4,11,0,0,0,0,0,0,0,0,1,0,0,0
111.22,0,4.720461230322826,4,11,0,0,0,0,0,0,0,1,0,1,0,0
516.14,0,6.248313630887363,3,11,0,0,0,0,0,1,0,0,0,0,0,0
509.33,0,6.235057575289601,4,11,0,0,0,0,0,1,0,0,0,0,0,1
148.79,0,5.009234313180627,4,11,0,0,0,0,0,0,1,0,0,0,1,0
227.29,0,5.430616750561521,3,11,0,0,0,0,0,0,0,0,1,0,0,0
315.01,0,5.755773858655822,2,11,0,0,0,0,0,0,0,1,0,1,0,0
554.81,0,6.320426509230031,3,11,0,0,0,0,0,1,0,0,0,0,0,0
525.3,1,6.265871392359733,3,11,0,0,0,0,0,1,0,0,0,0,0,1
188.57,0,5.244758349453473,3,11,0,0,0,0,0,0,1,0,0,0,1,0
322.48,0,5.779137288227622,1,11,0,0,0,0,0,0,0,0,1,0,0,0
214.57,0,5.373285682785342,3,11,0,0,0,0,0,0,0,1,0,1,0,0
516.5,0,6.249009525139524,3,11,0,0,0,0,0,1,0,0,0,0,0,0
664.29,0,6.500223035821711,2,11,0,0,0,0,0,1,0,0,0,0,0,1
569.74,0,6.346933764450457,4,11,0,0,0,0,0,0,1,0,0,0,1,0
283.11,1,5.649361487114312,3,11,0,0,0,0,0,0,0,0,1,0,0,0
261.27,0,5.569374507476245,3,11,0,0,0,0,0,0,0,1,0,1,0,0
391.16,0,5.971669919779803,4,11,0,0,0,0,0,1,0,0,0,0,0,0
420.27,0,6.043273958284346,3,11,0,0,0,0,0,1,0,0,0,0,0,1
181.94,0,5.209158230228218,3,11,0,0,0,0,0,0,1,0,0,0,1,0
181.69,0,5.2077907273484785,2,11,0,0,0,0,0,0,0,0,1,0,0,0
179.06,0,5.193290128680331,3,11,0,0,0,0,0,0,0,1,0,1,0,0
458.7,1,6.130574102812182,4,11,0,0,0,0,0,1,0,0,0,0,0,0
373.14,0,5.924630058920759,4,11,0,0,0,0,0,1,0,0,0,0,0,1
92.16,0,4.53431844501614,4,11,0,0,0,0,0,0,1,0,0,0,1,0
206.17,0,5.333539712257798,3,11,0,0,0,0,0,0,0,0,1,0,0,0
112.14,0,4.72862598991501,4,11,0,0,0,0,0,0,0,1,0,1,0,0
409.92,0,6.018398548348063,4,11,0,0,0,0,0,1,0,0,0,0,0,0
453.91,0,6.120099597187713,3,11,0,0,0,0,0,1,0,0,0,0,0,1
93.02,1,4.5435075255959845,4,11,0,0,0,0,0,0,1,0,0,0,1,0
104.15,0,4.655387902148709,4,11,0,0,0,0,0,0,0,0,1,0,0,0
295.55,0,5.692215838284736,2,11,0,0,0,0,0,0,0,1,0,1,0,0
484.51,0,6.185199884841606,3,11,0,0,0,0,0,1,0,0,0,0,0,0
482.63,0,6.181320151556017,3,11,0,0,0,0,0,1,0,0,0,0,0,1
212.12,0,5.3618553873520245,3,11,0,0,0,0,0,0,1,0,0,0,1,0
171.83,0,5.152308452412401,3,11,0,0,0,0,0,0,0,0,1,0,0,0
181.23,0,5.205269625497964,4,11,0,0,0,0,0,0,0,1,0,1,0,0
526.81,0,6.26873637046041,3,11,0,0,0,0,0,1,0,0,0,0,0,0
478.94,0,6.173661096088786,4,11,0,0,0,0,0,1,0,0,0,0,0,1
217.25,0,5.385641194719711,3,11,0,0,0,0,0,0,1,0,0,0,1,0
157.71,0,5.067078637519467,3,11,0,0,0,0,0,0,0,0,1,0,0,0
167.68,0,5.128003428878359,4,11,0,0,0,0,0,0,0,1,0,1,0,0
552.06,1,6.315466494732575,3,11,0,0,0,0,0,1,0,0,0,0,0,0
463.72,0,6.141435073684277,4,11,0,0,0,0,0,1,0,0,0,0,0,1
234.04,0,5.459755712425567,3,11,0,0,0,0,0,0,1,0,0,0,1,0
111.52,0,4.723130983621656,4,11,0,0,0,0,0,0,0,0,1,0,0,0
223.97,0,5.415967059981408,4,11,0,0,0,0,0,0,0,1,0,1,0,0
480.31,0,6.176511553155347,4,11,0,0,0,0,0,1,0,0,0,0,0,0
731.02,0,6.595807835992433,2,11,0,0,0,0,0,1,0,0,0,0,0,1
161.39,0,5.090000849476996,3,11,0,0,0,0,0,0,1,0,0,0,1,0
278.9,0,5.634432396521408,3,11,0,0,0,0,0,0,0,0,1,0,0,0
180.52,0,5.201365840471587,4,11,0,0,0,0,0,0,0,1,0,1,0,0
398.87,0,5.991139494284036,3,11,0,0,0,0,0,1,0,0,0,0,0,0
415.18,0,6.031117858984634,4,11,0,0,0,0,0,1,0,0,0,0,0,1
201.64,0,5.31143100569342,2,11,0,0,0,0,0,0,1,0,0,0,1,0
185.17,0,5.226660234783806,4,11,0,0,0,0,0,0,0,0,1,0,0,0
199.48,1,5.300714491147758,4,11,0,0,0,0,0,0,0,1,0,1,0,0
348.1,0,5.855358414110991,4,11,0,0,0,0,0,1,0,0,0,0,0,0
560.96,0,6.33143067298345,2,11,0,0,0,0,0,1,0,0,0,0,0,1
149.54,0,5.0142288296063855,4,11,0,0,0,0,0,0,1,0,0,0,1,0
134.37,0,4.908011770197695,4,11,0,0,0,0,0,0,0,0,1,0,0,0
170.53,1,5.144758178421734,3,11,0,0,0,0,0,0,0,1,0,1,0,0
419.57,1,6.041610934048554,3,11,0,0,0,0,0,1,0,0,0,0,0,0
409.29,0,6.016864226740697,4,11,0,0,0,0,0,1,0,0,0,0,0,1
606.75,0,6.409763613196232,4,11,0,0,0,0,0,0,1,0,0,0,1,0
133.77,0,4.903569621781068,3,11,0,0,0,0,0,0,0,0,1,0,0,0
255.74,0,5.54806389965678,3,11,0,0,0,0,0,0,0,1,0,1,0,0
497.96,0,6.212525932217867,3,11,0,0,0,0,0,1,0,0,0,0,0,0
471.44,0,6.1579107547436465,4,11,0,0,0,0,0,1,0,0,0,0,0,1
186.99,0,5.23638876992587,3,11,0,0,0,0,0,0,1,0,0,0,1,0
195.76,0,5.281984711927139,3,11,0,0,0,0,0,0,0,0,1,0,0,0
372.59,0,5.923158939401167,2,11,0,0,0,0,0,0,0,1,0,1,0,0
404.43,0,6.004948232266641,4,11,0,0,0,0,0,1,0,0,0,0,0,0
416.83,0,6.035074651235872,4,11,0,0,0,0,0,1,0,0,0,0,0,1
216.74,0,5.383301690453034,3,11,0,0,0,0,0,0,1,0,0,0,1,0
229.15,0,5.438731270263251,3,11,0,0,0,0,0,0,0,0,1,0,0,0
243.37,0,5.498683470172258,3,11,0,0,0,0,0,0,0,1,0,1,0,0
495.52,1,6.207623764647747,3,11,0,0,0,0,0,1,0,0,0,0,0,0
479.63,0,6.175097743326733,3,11,0,0,0,0,0,1,0,0,0,0,0,1
171.17,0,5.148482360788381,3,11,0,0,0,0,0,0,1,0,0,0,1,0
73.19,0,4.306629370201435,4,11,0,0,0,0,0,0,0,0,1,0,0,0
224.94,0,5.420269477298783,4,11,0,0,0,0,0,0,0,1,0,1,0,0
527.79,0,6.270591377617365,4,12,0,0,0,1,0,1,0,0,0,0,0,0
873.35,0,6.773480753159668,2,12,0,0,0,1,0,1,0,0,0,0,0,1
320.29,1,5.772344142076929,3,12,0,0,0,1,0,0,1,0,0,0,1,0
173.14,0,5.159859573400469,3,12,0,0,0,1,0,0,0,0,1,0,0,0
285.7,0,5.658436372889324,4,12,0,0,0,1,0,0,0,1,0,1,0,0
480.2,0,6.176282984100524,4,12,0,0,0,1,0,1,0,0,0,0,0,0
463.6,0,6.141176820336309,4,12,0,0,0,1,0,1,0,0,0,0,0,1
238.4,0,5.478135793123873,3,12,0,0,0,1,0,0,1,0,0,0,1,0
256.83,0,5.552300453013218,3,12,0,0,0,1,0,0,0,0,1,0,0,0
299.69,0,5.706079833704885,3,12,0,0,0,1,0,0,0,1,0,1,0,0
446.73,0,6.104190372159825,4,12,0,0,0,1,0,1,0,0,0,0,0,0
600.0,0,6.398594934535208,2,12,0,0,0,1,0,1,0,0,0,0,0,1
264.26,0,5.580710477066207,2,12,0,0,0,1,0,0,1,0,0,0,1,0
216.09,1,5.380312014100664,3,12,0,0,0,1,0,0,0,0,1,0,0,0
151.31,0,5.025917917627413,4,12,0,0,0,1,0,0,0,1,0,1,0,0
761.97,0,6.63721871203178,1,12,0,0,0,1,0,1,0,0,0,0,0,0
465.6,0,6.1454723595873295,4,12,0,0,0,1,0,1,0,0,0,0,0,1
132.48,0,4.893951653883173,4,12,0,0,0,1,0,0,1,0,0,0,1,0
181.28,0,5.205543966395682,4,12,0,0,0,1,0,0,0,0,1,0,0,0
244.28,1,5.502400415123504,4,12,0,0,0,1,0,0,0,1,0,1,0,0
640.19,0,6.463325824855829,3,12,0,0,0,1,0,1,0,0,0,0,0,0
513.24,0,6.242690082549148,4,12,0,0,0,1,0,1,0,0,0,0,0,1
127.69,0,4.857406411505574,4,12,0,0,0,1,0,0,1,0,0,0,1,0
148.32,0,5.006091654046383,4,12,0,0,0,1,0,0,0,0,1,0,0,0
185.48,0,5.228323994727502,4,12,0,0,0,1,0,0,0,1,0,1,0,0
802.04,0,6.688404525906623,1,12,0,0,0,1,0,1,0,0,0,0,0,0
646.26,0,6.472748068492985,4,12,0,0,0,1,0,1,0,0,0,0,0,1
369.8,0,5.9156628336917,1,12,0,0,0,1,0,0,1,0,0,0,1,0
294.83,0,5.689784965012348,3,12,0,0,0,1,0,0,0,0,1,0,0,0
408.32,0,6.014497246218554,2,12,0,0,0,1,0,0,0,1,0,1,0,0
564.44,0,6.337604189131332,4,12,0,0,0,1,0,1,0,0,0,0,0,0
751.11,0,6.622882589848206,3,12,0,0,0,1,0,1,0,0,0,0,0,1
162.9,0,5.099256485749784,4,12,0,0,0,1,0,0,1,0,0,0,1,0
244.44,1,5.503052518178891,3,12,0,0,0,1,0,0,0,0,1,0,0,0
549.72,0,6.311226513023175,4,12,0,0,0,1,0,1,0,0,0,0,0,0
572.48,0,6.351723062378067,3,12,0,0,0,1,0,1,0,0,0,0,0,1
217.29,0,5.385824453986271,3,12,0,0,0,1,0,0,1,0,0,0,1,0
126.77,0,4.850231772603232,4,12,0,0,0,1,0,0,0,0,1,0,0,0
460.65,0,6.134807028218637,2,12,0,0,0,1,0,0,0,1,0,1,0,0
452.72,0,6.1174802676908415,4,12,0,0,0,1,0,1,0,0,0,0,0,0
566.41,0,6.341082146470415,3,12,0,0,0,1,0,1,0,0,0,0,0,1
234.19,0,5.460393698113796,2,12,0,0,0,1,0,0,1,0,0,0,1,0
259.97,0,5.564405458187559,3,12,0,0,0,1,0,0,0,0,1,0,0,0
175.94,0,5.17581069205524,4,12,0,0,0,1,0,0,0,1,0,1,0,0
508.95,0,6.234312681696527,3,12,0,0,0,1,0,1,0,0,0,0,0,0
407.63,1,6.01281010112736,4,12,0,0,0,1,0,1,0,0,0,0,0,1
51.66,0,3.9638561540681634,4,12,0,0,0,1,0,0,1,0,0,0,1,0
229.61,0,5.44072797202915,3,12,0,0,0,1,0,0,0,0,1,0,0,0
274.47,0,5.618478729741745,4,12,0,0,0,1,0,0,0,1,0,1,0,0
562.79,0,6.334681841736619,3,12,0,0,0,1,0,1,0,0,0,0,0,0
570.03,1,6.347441747680417,3,12,0,0,0,1,0,1,0,0,0,0,0,1
313.07,0,5.749615890999373,0,12,0,0,0,1,0,0,1,0,0,0,1,0
271.63,0,5.6081155645645255,1,12,0,0,0,1,0,0,0,0,1,0,0,0
265.27,1,5.5845108315733585,3,12,0,0,0,1,0,0,0,1,0,1,0,0
515.51,0,6.247094649456491,4,12,0,0,0,1,0,1,0,0,0,0,0,0
919.67,0,6.825101665859382,0,12,0,0,0,1,0,1,0,0,0,0,0,1
148.66,0,5.008366054652212,4,12,0,0,0,1,0,0,1,0,0,0,1,0
147.87,0,5.003073441888966,4,12,0,0,0,1,0,0,0,0,1,0,0,0
327.43,0,5.794323725415676,3,12,0,0,0,1,0,0,0,1,0,1,0,0
551.66,0,6.314742984228199,3,12,0,0,0,1,0,1,0,0,0,0,0,0
496.21,0,6.209012472065032,4,12,0,0,0,1,0,1,0,0,0,0,0,1
130.07,0,4.8757315316314545,4,12,0,0,0,1,0,0,1,0,0,0,1,0
109.92,0,4.708809220747577,4,12,0,0,0,1,0,0,0,0,1,0,0,0
364.99,0,5.902606010623731,3,12,0,0,0,1,0,0,0,1,0,1,0,0
593.77,0,6.388174776192284,4,12,0,0,0,1,0,1,0,0,0,0,0,0
593.13,0,6.387098150636191,3,12,0,0,0,1,0,1,0,0,0,0,0,1
146.75,0,4.995521656286208,4,12,0,0,0,1,0,0,1,0,0,0,1,0
307.84,0,5.732823343440615,3,12,0,0,0,1,0,0,0,0,1,0,0,0
183.17,0,5.215859244107515,4,12,0,0,0,1,0,0,0,1,0,1,0,0
771.02,0,6.6490104564249535,2,12,0,0,0,1,0,1,0,0,0,0,0,0
644.91,0,6.470660175191376,4,12,0,0,0,1,0,1,0,0,0,0,0,1
198.63,0,5.296465653184562,3,12,0,0,0,1,0,0,1,0,0,0,1,0
355.26,0,5.875660801364339,3,12,0,0,0,1,0,0,0,0,1,0,0,0
258.49,0,5.558718166217954,4,12,0,0,0,1,0,0,0,1,0,1,0,0
467.7,0,6.14996290492866,3,12,0,0,0,1,0,1,0,0,0,0,0,0
765.68,0,6.642069504402252,0,12,0,0,0,1,0,1,0,0,0,0,0,1
163.66,0,5.10388274187028,3,12,0,0,0,1,0,0,1,0,0,0,1,0
105.53,0,4.668426635623106,4,12,0,0,0,1,0,0,0,0,1,0,0,0
286.19,0,5.660144017626371,3,12,0,0,0,1,0,0,0,1,0,1,0,0
518.08,0,6.25205801386903,4,12,0,0,0,1,0,1,0,0,0,0,0,0
485.55,0,6.187339671267998,4,12,0,0,0,1,0,1,0,0,0,0,0,1
183.46,0,5.217432637807573,4,12,0,0,0,1,0,0,1,0,0,0,1,0
91.44,0,4.52655978540618,4,12,0,0,0,1,0,0,0,0,1,0,0,0
302.81,0,5.716402506012304,2,12,0,0,0,1,0,0,0,1,0,1,0,0
564.91,0,6.33843505495895,4,12,0,0,0,1,0,1,0,0,0,0,0,0
593.36,0,6.3874851963881465,3,12,0,0,0,1,0,1,0,0,0,0,0,1
244.2,0,5.5020742040620565,3,12,0,0,0,1,0,0,1,0,0,0,1,0
156.87,0,5.061771909543635,3,12,0,0,0,1,0,0,0,0,1,0,0,0
215.68,1,5.378421610789698,4,12,0,0,0,1,0,0,0,1,0,1,0,0
540.1,0,6.29360410464869,3,12,0,0,0,1,0,1,0,0,0,0,0,0
560.76,0,6.331074712420122,4,12,0,0,0,1,0,1,0,0,0,0,0,1
191.87,0,5.262016386821705,4,12,0,0,0,1,0,0,1,0,0,0,1,0
109.22,0,4.70247836845509,4,12,0,0,0,1,0,0,0,0,1,0,0,0
304.31,0,5.72132765387195,3,12,0,0,0,1,0,0,0,1,0,1,0,0
660.53,0,6.494555334000586,3,12,0,0,0,1,0,1,0,0,0,0,0,0
584.5,1,6.372466183037772,4,12,0,0,0,1,0,1,0,0,0,0,0,1
126.77,0,4.850231772603232,4,12,0,0,0,1,0,0,1,0,0,0,1,0
63.33,0,4.1640260854229085,4,12,0,0,0,1,0,0,0,0,1,0,0,0
228.4,0,5.435467204695271,4,12,0,0,0,1,0,0,0,1,0,1,0,0
662.34,0,6.497287679251182,2,12,0,0,0,1,0,1,0,0,0,0,0,0
244.89,0,5.504884281457445,3,12,0,0,0,1,0,0,1,0,0,0,1,0
257.6,1,5.555282466337757,4,12,0,0,0,1,0,0,0,0,1,0,0,0
190.49,0,5.254835587936076,4,12,0,0,0,1,0,0,0,1,0,1,0,0
577.4,0,6.360265670844555,4,12,0,0,0,1,0,1,0,0,0,0,0,0
699.93,0,6.552408024701865,3,12,0,0,0,1,0,1,0,0,0,0,0,1
241.33,0,5.490300433612623,3,12,0,0,0,1,0,0,1,0,0,0,1,0
166.59,0,5.121520520396782,4,12,0,0,0,1,0,0,0,0,1,0,0,0
240.59,0,5.487242074475564,4,12,0,0,0,1,0,0,0,1,0,1,0,0
464.59,0,6.143305418523349,3,12,0,0,0,1,0,1,0,0,0,0,0,0
478.56,1,6.172869016839453,4,12,0,0,0,1,0,1,0,0,0,0,0,1
127.04,0,4.8523427151016625,3,12,0,0,0,1,0,0,1,0,0,0,1,0
298.79,0,5.703082229541808,2,12,0,0,0,1,0,0,0,0,1,0,0,0
355.87,0,5.877371569804246,2,12,0,0,0,1,0,0,0,1,0,1,0,0
449.71,1,6.110824117158469,3,12,0,0,0,1,0,1,0,0,0,0,0,0
430.12,0,6.066386473625241,4,12,0,0,0,1,0,1,0,0,0,0,0,1
201.63,0,5.311381655877238,3,12,0,0,0,1,0,0,1,0,0,0,1,0
176.79,0,5.18060307852848,3,12,0,0,0,1,0,0,0,0,1,0,0,0
166.48,1,5.120863941150943,4,12,0,0,0,1,0,0,0,1,0,1,0,0
572.84,0,6.352350611818179,4,12,0,0,0,1,1,1,0,0,0,0,0,0
685.51,1,6.531620791744322,3,12,0,0,0,1,1,1,0,0,0,0,0,1
213.63,0,5.368915615393574,4,12,0,0,0,1,1,0,1,0,0,0,1,0
304.74,0,5.722735067572888,3,12,0,0,0,1,1,0,0,0,1,0,0,0
247.1,0,5.513831890697755,4,12,0,0,0,1,1,0,0,1,0,1,0,0
662.2,1,6.497076603821085,3,12,0,0,0,1,0,1,0,0,0,0,0,0
568.96,1,6.3455661829275885,4,12,0,0,0,1,0,1,0,0,0,0,0,1
184.68,0,5.224024761966182,3,12,0,0,0,1,0,0,1,0,0,0,1,0
195.49,0,5.280611539429104,3,12,0,0,0,1,0,0,0,0,1,0,0,0
243.31,1,5.498437910704706,3,12,0,0,0,1,0,0,0,1,0,1,0,0
551.11,0,6.313747301786717,4,12,0,0,0,1,0,1,0,0,0,0,0,0
554.17,0,6.319274373150542,4,12,0,0,0,1,0,1,0,0,0,0,0,1
70.97,0,4.276249365519713,4,12,0,0,0,1,0,0,1,0,0,0,1,0
67.5,0,4.22683374526818,4,12,0,0,0,1,0,0,0,0,1,0,0,0
365.9,0,5.9050893313612365,3,12,0,0,0,1,0,0,0,1,0,1,0,0
518.5,0,6.252866810539282,4,12,0,0,0,1,0,1,0,0,0,0,0,0
637.29,0,6.4587927255248445,4,12,0,0,0,1,0,1,0,0,0,0,0,1
207.35,1,5.339219357868463,4,12,0,0,0,1,0,0,1,0,0,0,1,0
297.93,1,5.700209432269419,3,12,0,0,0,1,0,0,0,0,1,0,0,0
345.71,0,5.848488695655459,3,12,0,0,0,1,0,0,0,1,0,1,0,0
664.96,0,6.501229608676652,3,12,0,0,0,1,0,1,0,0,0,0,0,0
518.25,1,6.252385462756222,4,12,0,0,0,1,0,1,0,0,0,0,0,1
281.07,0,5.642155267085256,3,12,0,0,0,1,0,0,1,0,0,0,1,0
198.71,1,5.296866314280722,4,12,0,0,0,1,0,0,0,0,1,0,0,0
215.42,1,5.377220964143502,4,12,0,0,0,1,0,0,0,1,0,1,0,0
419.39,0,6.041182851850236,4,12,0,0,0,1,0,1,0,0,0,0,0,0
530.76,0,6.276192259733326,3,12,0,0,0,1,0,1,0,0,0,0,0,1
180.59,0,5.201751398571705,3,12,0,0,0,1,0,0,1,0,0,0,1,0
141.71,0,4.9608145991123,4,12,0,0,0,1,0,0,0,0,1,0,0,0
216.93,0,5.3841739103077195,4,12,0,0,0,1,0,0,0,1,0,1,0,0
487.87,1,6.192096605460093,4,12,0,0,0,1,0,1,0,0,0,0,0,0
531.84,0,6.278221191483262,3,12,0,0,0,1,0,1,0,0,0,0,0,1
186.65,0,5.23457852558103,4,12,0,0,0,1,0,0,1,0,0,0,1,0
189.27,0,5.248444116052309,3,12,0,0,0,1,0,0,0,0,1,0,0,0
272.28,0,5.6104969106002045,3,12,0,0,0,1,0,0,0,1,0,1,0,0
185.8,0,5.230038525794742,3,2,0,0,0,1,0,0,0,0,1,0,0,0
436.02,1,6.079978960638721,3,5,0,1,0,0,0,1,0,0,0,0,0,0
331.66,0,5.807120947362389,2,1,0,0,0,1,0,0,0,0,1,0,0,0
293.84,0,5.686432836321088,4,7,0,0,1,0,0,0,0,1,0,1,0,0
477.51,0,6.170677109316224,3,11,0,0,0,0,0,1,0,0,0,0,0,0
184.23,1,5.221598296134632,4,6,0,0,1,0,0,0,0,1,0,1,0,0
184.75,0,5.224401683597868,3,9,0,0,0,0,0,0,0,0,1,0,0,0
367.21,0,5.908653427582808,3,8,0,0,1,0,0,0,0,1,0,1,0,0
169.68,0,5.1397904583197995,4,9,0,0,0,0,0,0,0,1,0,1,0,0
188.97,0,5.246866164956958,3,1,0,0,0,1,0,0,0,0,1,0,0,0
605.09,0,6.407028489893561,3,1,0,0,0,1,0,1,0,0,0,0,0,1
287.85,0,5.665907522227275,3,1,0,0,0,1,0,0,0,0,1,0,0,0
165.85,0,5.117095205197383,3,12,0,0,0,1,0,0,0,0,1,0,0,0
545.92,0,6.304302539440881,3,8,0,0,1,0,0,1,0,0,0,0,0,1
540.29,0,6.293955179588317,3,6,0,0,1,0,0,1,0,0,0,0,0,1
413.54,0,6.027169471728759,4,9,0,0,0,0,0,1,0,0,0,0,0,1
166.59,0,5.121520520396782,4,4,0,1,0,0,0,0,0,0,1,0,0,0
513.55,0,6.243292732282101,3,2,0,0,0,1,0,1,0,0,0,0,0,1
252.58,0,5.535679355099802,3,11,0,0,0,0,0,0,0,1,0,1,0,0
80.06,0,4.395189621200163,4,8,0,0,1,0,0,0,0,0,1,0,0,0
443.52,0,6.096995048317446,4,10,0,0,0,0,0,1,0,0,0,0,0,0
223.92,0,5.415744783424001,3,9,0,0,0,0,0,0,0,0,1,0,0,0
362.21,0,5.8949811793877585,4,3,0,1,0,0,0,1,0,0,0,0,0,0
567.29,0,6.342631851808297,4,12,0,0,0,1,0,1,0,0,0,0,0,1
124.81,0,4.83477283236304,4,2,0,0,0,1,0,0,0,0,1,0,0,0
666.28,0,6.503209747933356,3,10,0,0,0,0,0,1,0,0,0,0,0,0
471.35,1,6.157720236215144,4,12,0,0,0,1,0,1,0,0,0,0,0,0
648.95,0,6.476895436854028,1,11,0,0,0,0,0,1,0,0,0,0,0,0
818.51,0,6.708706600671972,0,3,0,1,0,0,0,1,0,0,0,0,0,0
